2025-06-27 07:48:55,755 [INFO] ===== Federated Learning Round 1/2 =====
2025-06-27 07:48:55,756 [INFO] === Training Round 1 ===
2025-06-27 07:48:55,758 [INFO] client1 starting with weights: FL_YOLOv8_Project_Outputs/global_model_checkpoints/global_model_r0.pt
2025-06-27 07:49:37,864 [ERROR] Training failed for client client1: Command '['python', '/content/drive/MyDrive/FL-YOLOv8-Object-Detection/FL_WithSequentialTraining/train_client.py', '--data', '/content/drive/MyDrive/Datasets/partitioned_clients/client1/data.yaml', '--save', 'client1_round1', '--epochs', '1', '--weights', 'FL_YOLOv8_Project_Outputs/global_model_checkpoints/global_model_r0.pt', '--device', 'cuda', '--workers', '1', '--output_dir', 'FL_YOLOv8_Project_Outputs/client_models']' returned non-zero exit status 1.
2025-06-27 07:49:37,865 [INFO] client2 starting with weights: FL_YOLOv8_Project_Outputs/global_model_checkpoints/global_model_r0.pt
2025-06-27 07:57:33,211 [INFO] ===== Federated Learning Round 1/5 =====
2025-06-27 07:57:33,211 [INFO] === Training Round 1 ===
2025-06-27 07:57:33,212 [INFO] client1 starting with weights: FL_YOLOv8_Project_Outputs/global_model_checkpoints/global_model_r0.pt
2025-06-27 07:59:48,801 [INFO] client2 starting with weights: FL_YOLOv8_Project_Outputs/global_model_checkpoints/global_model_r0.pt
2025-06-27 08:03:06,651 [INFO] client3 starting with weights: FL_YOLOv8_Project_Outputs/global_model_checkpoints/global_model_r0.pt
2025-06-27 08:08:37,396 [INFO] === Aggregating Models for Round 1 ===
2025-06-27 08:08:37,896 [INFO] ✅ Aggregated global model for Round 1 saved to: FL_YOLOv8_Project_Outputs/global_model_checkpoints/global_model_r1.pt
2025-06-27 08:08:37,899 [INFO] ✅ Completed Round 1

2025-06-27 08:08:37,899 [INFO] ===== Federated Learning Round 2/5 =====
2025-06-27 08:08:37,899 [INFO] === Training Round 2 ===
2025-06-27 08:08:37,900 [INFO] client1 starting with weights: FL_YOLOv8_Project_Outputs/global_model_checkpoints/global_model_r1.pt
2025-06-27 08:10:52,304 [INFO] client2 starting with weights: FL_YOLOv8_Project_Outputs/global_model_checkpoints/global_model_r1.pt
2025-06-27 08:13:15,085 [INFO] client3 starting with weights: FL_YOLOv8_Project_Outputs/global_model_checkpoints/global_model_r1.pt
2025-06-27 08:15:34,537 [INFO] === Aggregating Models for Round 2 ===
2025-06-27 08:15:34,845 [INFO] ✅ Aggregated global model for Round 2 saved to: FL_YOLOv8_Project_Outputs/global_model_checkpoints/global_model_r2.pt
2025-06-27 08:15:34,849 [INFO] ✅ Completed Round 2

2025-06-27 08:15:34,849 [INFO] ===== Federated Learning Round 3/5 =====
2025-06-27 08:15:34,849 [INFO] === Training Round 3 ===
2025-06-27 08:15:34,850 [INFO] client1 starting with weights: FL_YOLOv8_Project_Outputs/global_model_checkpoints/global_model_r2.pt
2025-06-27 08:17:50,147 [INFO] client2 starting with weights: FL_YOLOv8_Project_Outputs/global_model_checkpoints/global_model_r2.pt
2025-06-27 08:20:13,464 [INFO] client3 starting with weights: FL_YOLOv8_Project_Outputs/global_model_checkpoints/global_model_r2.pt
2025-06-27 08:22:33,643 [INFO] === Aggregating Models for Round 3 ===
2025-06-27 08:22:34,013 [INFO] ✅ Aggregated global model for Round 3 saved to: FL_YOLOv8_Project_Outputs/global_model_checkpoints/global_model_r3.pt
2025-06-27 08:22:34,017 [INFO] ✅ Completed Round 3

2025-06-27 08:22:34,017 [INFO] ===== Federated Learning Round 4/5 =====
2025-06-27 08:22:34,017 [INFO] === Training Round 4 ===
2025-06-27 08:22:34,018 [INFO] client1 starting with weights: FL_YOLOv8_Project_Outputs/global_model_checkpoints/global_model_r3.pt
2025-06-27 08:24:48,482 [INFO] client2 starting with weights: FL_YOLOv8_Project_Outputs/global_model_checkpoints/global_model_r3.pt
2025-06-27 08:27:11,875 [INFO] client3 starting with weights: FL_YOLOv8_Project_Outputs/global_model_checkpoints/global_model_r3.pt
2025-06-27 08:29:33,307 [INFO] === Aggregating Models for Round 4 ===
2025-06-27 08:29:33,624 [INFO] ✅ Aggregated global model for Round 4 saved to: FL_YOLOv8_Project_Outputs/global_model_checkpoints/global_model_r4.pt
2025-06-27 08:29:33,628 [INFO] ✅ Completed Round 4

2025-06-27 08:29:33,628 [INFO] ===== Federated Learning Round 5/5 =====
2025-06-27 08:29:33,629 [INFO] === Training Round 5 ===
2025-06-27 08:29:33,629 [INFO] client1 starting with weights: FL_YOLOv8_Project_Outputs/global_model_checkpoints/global_model_r4.pt
2025-06-27 08:31:49,743 [INFO] client2 starting with weights: FL_YOLOv8_Project_Outputs/global_model_checkpoints/global_model_r4.pt
2025-06-27 08:34:12,462 [INFO] client3 starting with weights: FL_YOLOv8_Project_Outputs/global_model_checkpoints/global_model_r4.pt
2025-06-27 08:36:35,215 [INFO] === Aggregating Models for Round 5 ===
2025-06-27 08:36:35,525 [INFO] ✅ Aggregated global model for Round 5 saved to: FL_YOLOv8_Project_Outputs/global_model_checkpoints/global_model_r5.pt
2025-06-27 08:36:35,528 [INFO] ✅ Completed Round 5

2025-06-27 13:12:25,705 [INFO] ===== Federated Learning Round 1/5 =====
2025-06-27 13:12:26,218 [INFO] === Training Round 1 ===
2025-06-27 13:12:26,220 [INFO] client1 starting with weights: FL_YOLOv8_Project_Outputs/global_model_checkpoints/global_model_r0.pt
2025-06-27 13:17:09,614 [INFO] client2 starting with weights: FL_YOLOv8_Project_Outputs/global_model_checkpoints/global_model_r0.pt
2025-06-27 13:24:17,875 [INFO] client3 starting with weights: FL_YOLOv8_Project_Outputs/global_model_checkpoints/global_model_r0.pt
2025-06-27 13:36:03,392 [INFO] === Aggregating Models for Round 1 ===
2025-06-27 13:36:03,699 [INFO] ✅ Aggregated global model for Round 1 saved to: FL_YOLOv8_Project_Outputs/global_model_checkpoints/global_model_r1.pt
2025-06-27 13:36:03,704 [INFO] ✅ Completed Round 1

2025-06-27 13:36:03,704 [INFO] ===== Federated Learning Round 2/5 =====
2025-06-27 13:36:03,704 [INFO] === Training Round 2 ===
2025-06-27 13:36:03,705 [INFO] client1 starting with weights: FL_YOLOv8_Project_Outputs/global_model_checkpoints/global_model_r1.pt
2025-06-27 13:40:39,850 [INFO] client2 starting with weights: FL_YOLOv8_Project_Outputs/global_model_checkpoints/global_model_r1.pt
2025-06-27 13:43:46,920 [INFO] client3 starting with weights: FL_YOLOv8_Project_Outputs/global_model_checkpoints/global_model_r1.pt
2025-06-27 13:48:47,129 [INFO] === Aggregating Models for Round 2 ===
2025-06-27 13:48:47,435 [INFO] ✅ Aggregated global model for Round 2 saved to: FL_YOLOv8_Project_Outputs/global_model_checkpoints/global_model_r2.pt
2025-06-27 13:48:47,439 [INFO] ✅ Completed Round 2

2025-06-27 13:48:47,440 [INFO] ===== Federated Learning Round 3/5 =====
2025-06-27 13:48:47,440 [INFO] === Training Round 3 ===
2025-06-27 13:48:47,440 [INFO] client1 starting with weights: FL_YOLOv8_Project_Outputs/global_model_checkpoints/global_model_r2.pt
2025-06-27 13:53:23,834 [INFO] client2 starting with weights: FL_YOLOv8_Project_Outputs/global_model_checkpoints/global_model_r2.pt
2025-06-27 13:56:33,674 [INFO] client3 starting with weights: FL_YOLOv8_Project_Outputs/global_model_checkpoints/global_model_r2.pt
2025-06-27 14:01:39,231 [INFO] === Aggregating Models for Round 3 ===
2025-06-27 14:01:39,546 [INFO] ✅ Aggregated global model for Round 3 saved to: FL_YOLOv8_Project_Outputs/global_model_checkpoints/global_model_r3.pt
2025-06-27 14:01:39,552 [INFO] ✅ Completed Round 3

2025-06-27 14:01:39,553 [INFO] ===== Federated Learning Round 4/5 =====
2025-06-27 14:01:39,553 [INFO] === Training Round 4 ===
2025-06-27 14:01:39,553 [INFO] client1 starting with weights: FL_YOLOv8_Project_Outputs/global_model_checkpoints/global_model_r3.pt
2025-06-27 14:06:17,501 [INFO] client2 starting with weights: FL_YOLOv8_Project_Outputs/global_model_checkpoints/global_model_r3.pt
2025-06-27 14:09:25,494 [INFO] client3 starting with weights: FL_YOLOv8_Project_Outputs/global_model_checkpoints/global_model_r3.pt
2025-06-27 14:14:27,712 [INFO] === Aggregating Models for Round 4 ===
2025-06-27 14:14:28,134 [INFO] ✅ Aggregated global model for Round 4 saved to: FL_YOLOv8_Project_Outputs/global_model_checkpoints/global_model_r4.pt
2025-06-27 14:14:28,139 [INFO] ✅ Completed Round 4

2025-06-27 14:14:28,141 [INFO] ===== Federated Learning Round 5/5 =====
2025-06-27 14:14:28,141 [INFO] === Training Round 5 ===
2025-06-27 14:14:28,141 [INFO] client1 starting with weights: FL_YOLOv8_Project_Outputs/global_model_checkpoints/global_model_r4.pt
2025-06-27 14:19:08,855 [INFO] client2 starting with weights: FL_YOLOv8_Project_Outputs/global_model_checkpoints/global_model_r4.pt
2025-06-27 14:22:19,123 [INFO] client3 starting with weights: FL_YOLOv8_Project_Outputs/global_model_checkpoints/global_model_r4.pt
2025-06-27 14:27:26,114 [INFO] === Aggregating Models for Round 5 ===
2025-06-27 14:27:26,412 [INFO] ✅ Aggregated global model for Round 5 saved to: FL_YOLOv8_Project_Outputs/global_model_checkpoints/global_model_r5.pt
2025-06-27 14:27:26,419 [INFO] ✅ Completed Round 52026-07-25 04:11:03,290 [INFO] ===== Federated Learning Round 1/25 =====
2026-07-25 04:11:03,352 [INFO] === Training Round 1 ===
2026-07-25 04:11:03,396 [INFO] client1 starting with weights: FL_YOLOv8_Project_Outputs/global_model_checkpoints/global_model_r0.pt
2026-07-25 04:11:34,057 [ERROR] Training failed for client client1: Command '['python', '/media/data3/home/truongduy/FL-YOLOv8-Object-Detection/FL_WithSequentialTraining/train_client.py', '--data', '/media/data3/home/truongduy/FL-YOLOv8-Object-Detection/Data/Dataset/KITTI_10clients_iid/client1/data.yaml', '--save', 'client1_round1', '--epochs', '5', '--weights', 'FL_YOLOv8_Project_Outputs/global_model_checkpoints/global_model_r0.pt', '--device', 'cuda', '--workers', '6', '--output_dir', 'FL_YOLOv8_Project_Outputs/client_models']' returned non-zero exit status 1.
2026-07-25 04:11:34,057 [INFO] client2 starting with weights: FL_YOLOv8_Project_Outputs/global_model_checkpoints/global_model_r0.pt
2026-07-25 04:11:41,001 [ERROR] Training failed for client client2: Command '['python', '/media/data3/home/truongduy/FL-YOLOv8-Object-Detection/FL_WithSequentialTraining/train_client.py', '--data', '/media/data3/home/truongduy/FL-YOLOv8-Object-Detection/Data/Dataset/KITTI_10clients_iid/client2/data.yaml', '--save', 'client2_round1', '--epochs', '5', '--weights', 'FL_YOLOv8_Project_Outputs/global_model_checkpoints/global_model_r0.pt', '--device', 'cuda', '--workers', '6', '--output_dir', 'FL_YOLOv8_Project_Outputs/client_models']' returned non-zero exit status 1.
2026-07-25 04:11:41,001 [INFO] client3 starting with weights: FL_YOLOv8_Project_Outputs/global_model_checkpoints/global_model_r0.pt
2026-07-25 04:11:48,381 [ERROR] Training failed for client client3: Command '['python', '/media/data3/home/truongduy/FL-YOLOv8-Object-Detection/FL_WithSequentialTraining/train_client.py', '--data', '/media/data3/home/truongduy/FL-YOLOv8-Object-Detection/Data/Dataset/KITTI_10clients_iid/client3/data.yaml', '--save', 'client3_round1', '--epochs', '5', '--weights', 'FL_YOLOv8_Project_Outputs/global_model_checkpoints/global_model_r0.pt', '--device', 'cuda', '--workers', '6', '--output_dir', 'FL_YOLOv8_Project_Outputs/client_models']' returned non-zero exit status 1.
2026-07-25 04:11:48,381 [INFO] client4 starting with weights: FL_YOLOv8_Project_Outputs/global_model_checkpoints/global_model_r0.pt
2026-07-25 04:11:54,944 [ERROR] Training failed for client client4: Command '['python', '/media/data3/home/truongduy/FL-YOLOv8-Object-Detection/FL_WithSequentialTraining/train_client.py', '--data', '/media/data3/home/truongduy/FL-YOLOv8-Object-Detection/Data/Dataset/KITTI_10clients_iid/client4/data.yaml', '--save', 'client4_round1', '--epochs', '5', '--weights', 'FL_YOLOv8_Project_Outputs/global_model_checkpoints/global_model_r0.pt', '--device', 'cuda', '--workers', '6', '--output_dir', 'FL_YOLOv8_Project_Outputs/client_models']' returned non-zero exit status 1.
2026-07-25 04:11:54,945 [INFO] client5 starting with weights: FL_YOLOv8_Project_Outputs/global_model_checkpoints/global_model_r0.pt
2026-07-25 04:12:01,504 [ERROR] Training failed for client client5: Command '['python', '/media/data3/home/truongduy/FL-YOLOv8-Object-Detection/FL_WithSequentialTraining/train_client.py', '--data', '/media/data3/home/truongduy/FL-YOLOv8-Object-Detection/Data/Dataset/KITTI_10clients_iid/client5/data.yaml', '--save', 'client5_round1', '--epochs', '5', '--weights', 'FL_YOLOv8_Project_Outputs/global_model_checkpoints/global_model_r0.pt', '--device', 'cuda', '--workers', '6', '--output_dir', 'FL_YOLOv8_Project_Outputs/client_models']' returned non-zero exit status 1.
2026-07-25 04:12:01,505 [INFO] client6 starting with weights: FL_YOLOv8_Project_Outputs/global_model_checkpoints/global_model_r0.pt
2026-07-25 04:12:08,420 [ERROR] Training failed for client client6: Command '['python', '/media/data3/home/truongduy/FL-YOLOv8-Object-Detection/FL_WithSequentialTraining/train_client.py', '--data', '/media/data3/home/truongduy/FL-YOLOv8-Object-Detection/Data/Dataset/KITTI_10clients_iid/client6/data.yaml', '--save', 'client6_round1', '--epochs', '5', '--weights', 'FL_YOLOv8_Project_Outputs/global_model_checkpoints/global_model_r0.pt', '--device', 'cuda', '--workers', '6', '--output_dir', 'FL_YOLOv8_Project_Outputs/client_models']' returned non-zero exit status 1.
2026-07-25 04:12:08,420 [INFO] client7 starting with weights: FL_YOLOv8_Project_Outputs/global_model_checkpoints/global_model_r0.pt
2026-07-25 04:13:40,920 [INFO] ===== Federated Learning Round 1/25 =====
2026-07-25 04:13:40,920 [INFO] === Training Round 1 ===
2026-07-25 04:13:40,920 [INFO] client1 starting with weights: FL_YOLOv8_Project_Outputs/global_model_checkpoints/global_model_r0.pt
2026-07-25 04:13:47,592 [ERROR] Training failed for client client1: Command '['python', '/media/data3/home/truongduy/FL-YOLOv8-Object-Detection/FL_WithSequentialTraining/train_client.py', '--data', '/media/data3/home/truongduy/FL-YOLOv8-Object-Detection/Data/Dataset/KITTI_10clients_iid/client1/data.yaml', '--save', 'client1_round1', '--epochs', '5', '--weights', 'FL_YOLOv8_Project_Outputs/global_model_checkpoints/global_model_r0.pt', '--device', 'cuda', '--workers', '6', '--output_dir', 'FL_YOLOv8_Project_Outputs/client_models']' returned non-zero exit status 1.
2026-07-25 04:13:47,592 [INFO] client2 starting with weights: FL_YOLOv8_Project_Outputs/global_model_checkpoints/global_model_r0.pt
2026-07-25 04:13:53,915 [ERROR] Training failed for client client2: Command '['python', '/media/data3/home/truongduy/FL-YOLOv8-Object-Detection/FL_WithSequentialTraining/train_client.py', '--data', '/media/data3/home/truongduy/FL-YOLOv8-Object-Detection/Data/Dataset/KITTI_10clients_iid/client2/data.yaml', '--save', 'client2_round1', '--epochs', '5', '--weights', 'FL_YOLOv8_Project_Outputs/global_model_checkpoints/global_model_r0.pt', '--device', 'cuda', '--workers', '6', '--output_dir', 'FL_YOLOv8_Project_Outputs/client_models']' returned non-zero exit status 1.
2026-07-25 04:13:53,916 [INFO] client3 starting with weights: FL_YOLOv8_Project_Outputs/global_model_checkpoints/global_model_r0.pt
2026-07-25 04:14:00,336 [ERROR] Training failed for client client3: Command '['python', '/media/data3/home/truongduy/FL-YOLOv8-Object-Detection/FL_WithSequentialTraining/train_client.py', '--data', '/media/data3/home/truongduy/FL-YOLOv8-Object-Detection/Data/Dataset/KITTI_10clients_iid/client3/data.yaml', '--save', 'client3_round1', '--epochs', '5', '--weights', 'FL_YOLOv8_Project_Outputs/global_model_checkpoints/global_model_r0.pt', '--device', 'cuda', '--workers', '6', '--output_dir', 'FL_YOLOv8_Project_Outputs/client_models']' returned non-zero exit status 1.
2026-07-25 04:14:00,336 [INFO] client4 starting with weights: FL_YOLOv8_Project_Outputs/global_model_checkpoints/global_model_r0.pt
2026-07-25 04:14:07,457 [ERROR] Training failed for client client4: Command '['python', '/media/data3/home/truongduy/FL-YOLOv8-Object-Detection/FL_WithSequentialTraining/train_client.py', '--data', '/media/data3/home/truongduy/FL-YOLOv8-Object-Detection/Data/Dataset/KITTI_10clients_iid/client4/data.yaml', '--save', 'client4_round1', '--epochs', '5', '--weights', 'FL_YOLOv8_Project_Outputs/global_model_checkpoints/global_model_r0.pt', '--device', 'cuda', '--workers', '6', '--output_dir', 'FL_YOLOv8_Project_Outputs/client_models']' returned non-zero exit status 1.
2026-07-25 04:14:07,457 [INFO] client5 starting with weights: FL_YOLOv8_Project_Outputs/global_model_checkpoints/global_model_r0.pt
2026-07-25 04:14:13,964 [ERROR] Training failed for client client5: Command '['python', '/media/data3/home/truongduy/FL-YOLOv8-Object-Detection/FL_WithSequentialTraining/train_client.py', '--data', '/media/data3/home/truongduy/FL-YOLOv8-Object-Detection/Data/Dataset/KITTI_10clients_iid/client5/data.yaml', '--save', 'client5_round1', '--epochs', '5', '--weights', 'FL_YOLOv8_Project_Outputs/global_model_checkpoints/global_model_r0.pt', '--device', 'cuda', '--workers', '6', '--output_dir', 'FL_YOLOv8_Project_Outputs/client_models']' returned non-zero exit status 1.
2026-07-25 04:14:13,965 [INFO] client6 starting with weights: FL_YOLOv8_Project_Outputs/global_model_checkpoints/global_model_r0.pt
2026-07-25 04:34:10,083 [INFO] ===== Federated Learning Round 1/25 =====
2026-07-25 04:34:10,094 [INFO] === Training Round 1 ===
2026-07-25 04:34:10,094 [INFO] client1 starting with weights: FL_YOLOv8_Project_Outputs/global_model_checkpoints/global_model_r0.pt
2026-07-25 04:34:22,377 [ERROR] Training failed for client client1: Command '['python', '/media/data3/home/truongduy/FL-YOLOv8-Object-Detection/FL_WithSequentialTraining/train_client.py', '--data', '/media/data3/home/truongduy/FL-YOLOv8-Object-Detection/Data/Dataset/KITTI_10clients_iid/client1/data.yaml', '--save', 'client1_round1', '--epochs', '5', '--weights', 'FL_YOLOv8_Project_Outputs/global_model_checkpoints/global_model_r0.pt', '--device', 'cuda', '--workers', '6', '--output_dir', 'FL_YOLOv8_Project_Outputs/client_models']' returned non-zero exit status 1.
2026-07-25 04:34:22,377 [INFO] client2 starting with weights: FL_YOLOv8_Project_Outputs/global_model_checkpoints/global_model_r0.pt
2026-07-25 04:34:28,398 [ERROR] Training failed for client client2: Command '['python', '/media/data3/home/truongduy/FL-YOLOv8-Object-Detection/FL_WithSequentialTraining/train_client.py', '--data', '/media/data3/home/truongduy/FL-YOLOv8-Object-Detection/Data/Dataset/KITTI_10clients_iid/client2/data.yaml', '--save', 'client2_round1', '--epochs', '5', '--weights', 'FL_YOLOv8_Project_Outputs/global_model_checkpoints/global_model_r0.pt', '--device', 'cuda', '--workers', '6', '--output_dir', 'FL_YOLOv8_Project_Outputs/client_models']' returned non-zero exit status 1.
2026-07-25 04:34:28,398 [INFO] client3 starting with weights: FL_YOLOv8_Project_Outputs/global_model_checkpoints/global_model_r0.pt
2026-07-25 04:34:34,533 [ERROR] Training failed for client client3: Command '['python', '/media/data3/home/truongduy/FL-YOLOv8-Object-Detection/FL_WithSequentialTraining/train_client.py', '--data', '/media/data3/home/truongduy/FL-YOLOv8-Object-Detection/Data/Dataset/KITTI_10clients_iid/client3/data.yaml', '--save', 'client3_round1', '--epochs', '5', '--weights', 'FL_YOLOv8_Project_Outputs/global_model_checkpoints/global_model_r0.pt', '--device', 'cuda', '--workers', '6', '--output_dir', 'FL_YOLOv8_Project_Outputs/client_models']' returned non-zero exit status 1.
2026-07-25 04:34:34,534 [INFO] client4 starting with weights: FL_YOLOv8_Project_Outputs/global_model_checkpoints/global_model_r0.pt
2026-07-25 04:34:40,497 [ERROR] Training failed for client client4: Command '['python', '/media/data3/home/truongduy/FL-YOLOv8-Object-Detection/FL_WithSequentialTraining/train_client.py', '--data', '/media/data3/home/truongduy/FL-YOLOv8-Object-Detection/Data/Dataset/KITTI_10clients_iid/client4/data.yaml', '--save', 'client4_round1', '--epochs', '5', '--weights', 'FL_YOLOv8_Project_Outputs/global_model_checkpoints/global_model_r0.pt', '--device', 'cuda', '--workers', '6', '--output_dir', 'FL_YOLOv8_Project_Outputs/client_models']' returned non-zero exit status 1.
2026-07-25 04:34:40,498 [INFO] client5 starting with weights: FL_YOLOv8_Project_Outputs/global_model_checkpoints/global_model_r0.pt
2026-07-25 04:34:46,296 [ERROR] Training failed for client client5: Command '['python', '/media/data3/home/truongduy/FL-YOLOv8-Object-Detection/FL_WithSequentialTraining/train_client.py', '--data', '/media/data3/home/truongduy/FL-YOLOv8-Object-Detection/Data/Dataset/KITTI_10clients_iid/client5/data.yaml', '--save', 'client5_round1', '--epochs', '5', '--weights', 'FL_YOLOv8_Project_Outputs/global_model_checkpoints/global_model_r0.pt', '--device', 'cuda', '--workers', '6', '--output_dir', 'FL_YOLOv8_Project_Outputs/client_models']' returned non-zero exit status 1.
2026-07-25 04:34:46,297 [INFO] client6 starting with weights: FL_YOLOv8_Project_Outputs/global_model_checkpoints/global_model_r0.pt
2026-07-25 04:34:52,063 [ERROR] Training failed for client client6: Command '['python', '/media/data3/home/truongduy/FL-YOLOv8-Object-Detection/FL_WithSequentialTraining/train_client.py', '--data', '/media/data3/home/truongduy/FL-YOLOv8-Object-Detection/Data/Dataset/KITTI_10clients_iid/client6/data.yaml', '--save', 'client6_round1', '--epochs', '5', '--weights', 'FL_YOLOv8_Project_Outputs/global_model_checkpoints/global_model_r0.pt', '--device', 'cuda', '--workers', '6', '--output_dir', 'FL_YOLOv8_Project_Outputs/client_models']' returned non-zero exit status 1.
2026-07-25 04:34:52,063 [INFO] client7 starting with weights: FL_YOLOv8_Project_Outputs/global_model_checkpoints/global_model_r0.pt
2026-07-25 04:40:29,917 [INFO] ===== Federated Learning Round 1/25 =====
2026-07-25 04:40:29,917 [INFO] === Training Round 1 ===
2026-07-25 04:40:29,917 [INFO] client1 starting with weights: FL_YOLOv8_Project_Outputs/global_model_checkpoints/global_model_r0.pt
2026-07-25 04:54:44,044 [INFO] ===== Federated Learning Round 1/25 =====
2026-07-25 04:54:44,044 [INFO] === Training Round 1 ===
2026-07-25 04:54:44,044 [INFO] client1 starting with weights: FL_YOLOv8_Project_Outputs/global_model_checkpoints/global_model_r0.pt
2026-07-25 05:06:26,028 [INFO] client2 starting with weights: FL_YOLOv8_Project_Outputs/global_model_checkpoints/global_model_r0.pt
2026-07-25 05:20:12,667 [INFO] client3 starting with weights: FL_YOLOv8_Project_Outputs/global_model_checkpoints/global_model_r0.pt
2026-07-25 05:27:55,929 [INFO] ===== Federated Learning Round 1/25 =====
2026-07-25 05:27:55,929 [INFO] === Training Round 1 ===
2026-07-25 05:27:55,929 [INFO] client1 starting with weights: FL_YOLOv8_Project_Outputs/global_model_checkpoints/global_model_r0.pt
2026-07-25 05:36:04,344 [ERROR] Training failed for client client1: Command '['python', '/media/data3/home/truongduy/FL-YOLOv8-Object-Detection/FL_WithSequentialTraining/train_client.py', '--data', '/media/data3/home/truongduy/FL-YOLOv8-Object-Detection/Data/Dataset/KITTI_10clients_iid/client1/data.yaml', '--save', 'client1_round1', '--epochs', '5', '--weights', 'FL_YOLOv8_Project_Outputs/global_model_checkpoints/global_model_r0.pt', '--device', 'cuda', '--workers', '6', '--output_dir', 'FL_YOLOv8_Project_Outputs/client_models']' returned non-zero exit status 1.
2026-07-25 05:36:04,344 [INFO] client2 starting with weights: FL_YOLOv8_Project_Outputs/global_model_checkpoints/global_model_r0.pt
2026-07-25 05:36:52,660 [INFO] ===== Federated Learning Round 1/25 =====
2026-07-25 05:36:52,660 [INFO] === Training Round 1 ===
2026-07-25 05:36:52,660 [INFO] client1 starting with weights: FL_YOLOv8_Project_Outputs/global_model_checkpoints/global_model_r0.pt
2026-07-25 05:43:21,094 [INFO] client2 starting with weights: FL_YOLOv8_Project_Outputs/global_model_checkpoints/global_model_r0.pt
2026-07-25 05:49:50,175 [INFO] client3 starting with weights: FL_YOLOv8_Project_Outputs/global_model_checkpoints/global_model_r0.pt
2026-07-25 05:57:51,229 [INFO] client4 starting with weights: FL_YOLOv8_Project_Outputs/global_model_checkpoints/global_model_r0.pt
2026-07-25 06:06:56,449 [INFO] client5 starting with weights: FL_YOLOv8_Project_Outputs/global_model_checkpoints/global_model_r0.pt
2026-07-25 06:15:54,143 [INFO] client6 starting with weights: FL_YOLOv8_Project_Outputs/global_model_checkpoints/global_model_r0.pt
2026-07-25 06:24:47,570 [INFO] client7 starting with weights: FL_YOLOv8_Project_Outputs/global_model_checkpoints/global_model_r0.pt
2026-07-25 06:33:00,692 [INFO] client8 starting with weights: FL_YOLOv8_Project_Outputs/global_model_checkpoints/global_model_r0.pt
2026-07-25 06:42:37,799 [INFO] client9 starting with weights: FL_YOLOv8_Project_Outputs/global_model_checkpoints/global_model_r0.pt
2026-07-25 06:51:54,379 [INFO] client10 starting with weights: FL_YOLOv8_Project_Outputs/global_model_checkpoints/global_model_r0.pt
2026-07-25 07:00:18,516 [INFO] === Aggregating Models for Round 1 ===
2026-07-25 07:00:24,749 [INFO] ✅ Aggregated global model for Round 1 saved to: FL_YOLOv8_Project_Outputs/global_model_checkpoints/global_model_r1.pt
2026-07-25 07:00:24,756 [INFO] ✅ Completed Round 1

2026-07-25 07:00:24,756 [INFO] ===== Federated Learning Round 2/25 =====
2026-07-25 07:00:24,756 [INFO] === Training Round 2 ===
2026-07-25 07:00:24,757 [INFO] client1 starting with weights: FL_YOLOv8_Project_Outputs/global_model_checkpoints/global_model_r1.pt
2026-07-25 07:07:34,536 [INFO] client2 starting with weights: FL_YOLOv8_Project_Outputs/global_model_checkpoints/global_model_r1.pt
2026-07-25 07:14:39,503 [INFO] client3 starting with weights: FL_YOLOv8_Project_Outputs/global_model_checkpoints/global_model_r1.pt
2026-07-25 07:21:42,075 [INFO] client4 starting with weights: FL_YOLOv8_Project_Outputs/global_model_checkpoints/global_model_r1.pt
2026-07-25 07:28:49,516 [INFO] client5 starting with weights: FL_YOLOv8_Project_Outputs/global_model_checkpoints/global_model_r1.pt
2026-07-25 07:36:16,158 [INFO] client6 starting with weights: FL_YOLOv8_Project_Outputs/global_model_checkpoints/global_model_r1.pt
2026-07-25 07:43:25,752 [INFO] client7 starting with weights: FL_YOLOv8_Project_Outputs/global_model_checkpoints/global_model_r1.pt
2026-07-25 07:50:37,034 [INFO] client8 starting with weights: FL_YOLOv8_Project_Outputs/global_model_checkpoints/global_model_r1.pt
2026-07-25 07:58:01,644 [INFO] client9 starting with weights: FL_YOLOv8_Project_Outputs/global_model_checkpoints/global_model_r1.pt
2026-07-25 08:05:26,613 [INFO] client10 starting with weights: FL_YOLOv8_Project_Outputs/global_model_checkpoints/global_model_r1.pt
2026-07-25 08:12:27,439 [INFO] === Aggregating Models for Round 2 ===
2026-07-25 08:12:34,132 [INFO] ✅ Aggregated global model for Round 2 saved to: FL_YOLOv8_Project_Outputs/global_model_checkpoints/global_model_r2.pt
2026-07-25 08:12:34,139 [INFO] ✅ Completed Round 2

2026-07-25 08:12:34,139 [INFO] ===== Federated Learning Round 3/25 =====
2026-07-25 08:12:34,139 [INFO] === Training Round 3 ===
2026-07-25 08:12:34,139 [INFO] client1 starting with weights: FL_YOLOv8_Project_Outputs/global_model_checkpoints/global_model_r2.pt
2026-07-25 08:19:40,170 [INFO] client2 starting with weights: FL_YOLOv8_Project_Outputs/global_model_checkpoints/global_model_r2.pt
2026-07-25 08:26:47,662 [INFO] client3 starting with weights: FL_YOLOv8_Project_Outputs/global_model_checkpoints/global_model_r2.pt
2026-07-25 08:33:49,816 [INFO] client4 starting with weights: FL_YOLOv8_Project_Outputs/global_model_checkpoints/global_model_r2.pt
2026-07-25 08:40:59,377 [INFO] client5 starting with weights: FL_YOLOv8_Project_Outputs/global_model_checkpoints/global_model_r2.pt
2026-07-25 08:47:41,046 [INFO] client6 starting with weights: FL_YOLOv8_Project_Outputs/global_model_checkpoints/global_model_r2.pt
2026-07-25 08:54:54,463 [INFO] client7 starting with weights: FL_YOLOv8_Project_Outputs/global_model_checkpoints/global_model_r2.pt
2026-07-25 09:01:33,098 [INFO] client8 starting with weights: FL_YOLOv8_Project_Outputs/global_model_checkpoints/global_model_r2.pt
2026-07-25 09:08:47,100 [INFO] client9 starting with weights: FL_YOLOv8_Project_Outputs/global_model_checkpoints/global_model_r2.pt
2026-07-25 09:16:11,683 [INFO] client10 starting with weights: FL_YOLOv8_Project_Outputs/global_model_checkpoints/global_model_r2.pt
2026-07-25 09:22:46,800 [INFO] === Aggregating Models for Round 3 ===
2026-07-25 09:22:54,674 [INFO] ✅ Aggregated global model for Round 3 saved to: FL_YOLOv8_Project_Outputs/global_model_checkpoints/global_model_r3.pt
2026-07-25 09:22:54,681 [INFO] ✅ Completed Round 3

2026-07-25 09:22:54,681 [INFO] ===== Federated Learning Round 4/25 =====
2026-07-25 09:22:54,681 [INFO] === Training Round 4 ===
2026-07-25 09:22:54,681 [INFO] client1 starting with weights: FL_YOLOv8_Project_Outputs/global_model_checkpoints/global_model_r3.pt
2026-07-25 09:29:56,582 [INFO] client2 starting with weights: FL_YOLOv8_Project_Outputs/global_model_checkpoints/global_model_r3.pt
2026-07-25 09:37:13,830 [INFO] client3 starting with weights: FL_YOLOv8_Project_Outputs/global_model_checkpoints/global_model_r3.pt
2026-07-25 09:44:20,211 [INFO] client4 starting with weights: FL_YOLOv8_Project_Outputs/global_model_checkpoints/global_model_r3.pt
2026-07-25 09:51:26,710 [INFO] client5 starting with weights: FL_YOLOv8_Project_Outputs/global_model_checkpoints/global_model_r3.pt
2026-07-25 09:58:28,574 [INFO] client6 starting with weights: FL_YOLOv8_Project_Outputs/global_model_checkpoints/global_model_r3.pt
2026-07-25 10:05:40,554 [INFO] client7 starting with weights: FL_YOLOv8_Project_Outputs/global_model_checkpoints/global_model_r3.pt
2026-07-25 10:12:57,789 [INFO] client8 starting with weights: FL_YOLOv8_Project_Outputs/global_model_checkpoints/global_model_r3.pt
2026-07-25 10:20:00,793 [INFO] client9 starting with weights: FL_YOLOv8_Project_Outputs/global_model_checkpoints/global_model_r3.pt
2026-07-25 10:27:25,651 [INFO] client10 starting with weights: FL_YOLOv8_Project_Outputs/global_model_checkpoints/global_model_r3.pt
2026-07-25 10:34:37,088 [INFO] === Aggregating Models for Round 4 ===
2026-07-25 10:34:44,223 [INFO] ✅ Aggregated global model for Round 4 saved to: FL_YOLOv8_Project_Outputs/global_model_checkpoints/global_model_r4.pt
2026-07-25 10:34:44,229 [INFO] ✅ Completed Round 4

2026-07-25 10:34:44,230 [INFO] ===== Federated Learning Round 5/25 =====
2026-07-25 10:34:44,230 [INFO] === Training Round 5 ===
2026-07-25 10:34:44,230 [INFO] client1 starting with weights: FL_YOLOv8_Project_Outputs/global_model_checkpoints/global_model_r4.pt
2026-07-25 10:40:16,743 [INFO] client2 starting with weights: FL_YOLOv8_Project_Outputs/global_model_checkpoints/global_model_r4.pt
2026-07-25 10:45:35,681 [INFO] client3 starting with weights: FL_YOLOv8_Project_Outputs/global_model_checkpoints/global_model_r4.pt
2026-07-25 10:50:58,146 [INFO] client4 starting with weights: FL_YOLOv8_Project_Outputs/global_model_checkpoints/global_model_r4.pt
2026-07-25 10:56:34,879 [INFO] client5 starting with weights: FL_YOLOv8_Project_Outputs/global_model_checkpoints/global_model_r4.pt
2026-07-25 11:02:08,947 [INFO] client6 starting with weights: FL_YOLOv8_Project_Outputs/global_model_checkpoints/global_model_r4.pt
2026-07-25 11:07:40,419 [INFO] client7 starting with weights: FL_YOLOv8_Project_Outputs/global_model_checkpoints/global_model_r4.pt
2026-07-25 11:13:10,619 [INFO] client8 starting with weights: FL_YOLOv8_Project_Outputs/global_model_checkpoints/global_model_r4.pt
2026-07-25 11:18:56,880 [INFO] client9 starting with weights: FL_YOLOv8_Project_Outputs/global_model_checkpoints/global_model_r4.pt
2026-07-25 11:24:30,694 [INFO] client10 starting with weights: FL_YOLOv8_Project_Outputs/global_model_checkpoints/global_model_r4.pt
2026-07-25 11:29:56,181 [INFO] === Aggregating Models for Round 5 ===
2026-07-25 11:30:03,048 [INFO] ✅ Aggregated global model for Round 5 saved to: FL_YOLOv8_Project_Outputs/global_model_checkpoints/global_model_r5.pt
2026-07-25 11:30:03,056 [INFO] ✅ Completed Round 5

2026-07-25 11:30:03,056 [INFO] ===== Federated Learning Round 6/25 =====
2026-07-25 11:30:03,056 [INFO] === Training Round 6 ===
2026-07-25 11:30:03,057 [INFO] client1 starting with weights: FL_YOLOv8_Project_Outputs/global_model_checkpoints/global_model_r5.pt
2026-07-25 11:35:19,481 [INFO] client2 starting with weights: FL_YOLOv8_Project_Outputs/global_model_checkpoints/global_model_r5.pt
2026-07-25 11:40:49,852 [INFO] client3 starting with weights: FL_YOLOv8_Project_Outputs/global_model_checkpoints/global_model_r5.pt
2026-07-25 11:46:08,500 [INFO] client4 starting with weights: FL_YOLOv8_Project_Outputs/global_model_checkpoints/global_model_r5.pt
2026-07-25 11:51:40,353 [INFO] client5 starting with weights: FL_YOLOv8_Project_Outputs/global_model_checkpoints/global_model_r5.pt
2026-07-25 11:57:27,759 [INFO] client6 starting with weights: FL_YOLOv8_Project_Outputs/global_model_checkpoints/global_model_r5.pt
2026-07-25 12:02:48,277 [INFO] client7 starting with weights: FL_YOLOv8_Project_Outputs/global_model_checkpoints/global_model_r5.pt
2026-07-25 12:08:14,016 [INFO] client8 starting with weights: FL_YOLOv8_Project_Outputs/global_model_checkpoints/global_model_r5.pt
2026-07-25 12:14:03,114 [INFO] client9 starting with weights: FL_YOLOv8_Project_Outputs/global_model_checkpoints/global_model_r5.pt
2026-07-25 12:19:36,483 [INFO] client10 starting with weights: FL_YOLOv8_Project_Outputs/global_model_checkpoints/global_model_r5.pt
2026-07-25 12:24:59,184 [INFO] === Aggregating Models for Round 6 ===
2026-07-25 12:25:05,029 [INFO] ✅ Aggregated global model for Round 6 saved to: FL_YOLOv8_Project_Outputs/global_model_checkpoints/global_model_r6.pt
2026-07-25 12:25:05,036 [INFO] ✅ Completed Round 6

2026-07-25 12:25:05,036 [INFO] ===== Federated Learning Round 7/25 =====
2026-07-25 12:25:05,036 [INFO] === Training Round 7 ===
2026-07-25 12:25:05,037 [INFO] client1 starting with weights: FL_YOLOv8_Project_Outputs/global_model_checkpoints/global_model_r6.pt
2026-07-25 12:30:26,251 [INFO] client2 starting with weights: FL_YOLOv8_Project_Outputs/global_model_checkpoints/global_model_r6.pt
2026-07-25 12:35:50,570 [INFO] client3 starting with weights: FL_YOLOv8_Project_Outputs/global_model_checkpoints/global_model_r6.pt
2026-07-25 12:41:25,714 [INFO] client4 starting with weights: FL_YOLOv8_Project_Outputs/global_model_checkpoints/global_model_r6.pt
2026-07-25 12:46:50,169 [INFO] client5 starting with weights: FL_YOLOv8_Project_Outputs/global_model_checkpoints/global_model_r6.pt
2026-07-25 12:52:19,598 [INFO] client6 starting with weights: FL_YOLOv8_Project_Outputs/global_model_checkpoints/global_model_r6.pt
2026-07-25 12:57:46,616 [INFO] client7 starting with weights: FL_YOLOv8_Project_Outputs/global_model_checkpoints/global_model_r6.pt
2026-07-25 13:03:15,812 [INFO] client8 starting with weights: FL_YOLOv8_Project_Outputs/global_model_checkpoints/global_model_r6.pt
2026-07-25 13:08:59,456 [INFO] client9 starting with weights: FL_YOLOv8_Project_Outputs/global_model_checkpoints/global_model_r6.pt
2026-07-25 13:14:29,788 [INFO] client10 starting with weights: FL_YOLOv8_Project_Outputs/global_model_checkpoints/global_model_r6.pt
2026-07-25 13:19:52,876 [INFO] === Aggregating Models for Round 7 ===
2026-07-25 13:19:58,996 [INFO] ✅ Aggregated global model for Round 7 saved to: FL_YOLOv8_Project_Outputs/global_model_checkpoints/global_model_r7.pt
2026-07-25 13:19:59,003 [INFO] ✅ Completed Round 7

2026-07-25 13:19:59,003 [INFO] ===== Federated Learning Round 8/25 =====
2026-07-25 13:19:59,003 [INFO] === Training Round 8 ===
2026-07-25 13:19:59,003 [INFO] client1 starting with weights: FL_YOLOv8_Project_Outputs/global_model_checkpoints/global_model_r7.pt
2026-07-25 13:25:30,192 [INFO] client2 starting with weights: FL_YOLOv8_Project_Outputs/global_model_checkpoints/global_model_r7.pt
2026-07-25 13:30:58,367 [INFO] client3 starting with weights: FL_YOLOv8_Project_Outputs/global_model_checkpoints/global_model_r7.pt
2026-07-25 13:36:28,653 [INFO] client4 starting with weights: FL_YOLOv8_Project_Outputs/global_model_checkpoints/global_model_r7.pt
2026-07-25 13:41:57,629 [INFO] client5 starting with weights: FL_YOLOv8_Project_Outputs/global_model_checkpoints/global_model_r7.pt
2026-07-25 13:47:23,743 [INFO] client6 starting with weights: FL_YOLOv8_Project_Outputs/global_model_checkpoints/global_model_r7.pt
2026-07-25 13:52:45,690 [INFO] client7 starting with weights: FL_YOLOv8_Project_Outputs/global_model_checkpoints/global_model_r7.pt
2026-07-25 13:58:16,470 [INFO] client8 starting with weights: FL_YOLOv8_Project_Outputs/global_model_checkpoints/global_model_r7.pt
2026-08-03 04:20:53,347 [INFO] ===== Federated Learning Round 1/25 =====
2026-08-03 04:20:53,392 [INFO] === Training Round 1 ===
2026-08-03 04:20:53,392 [INFO] [Warmup] Round 1: training ALL 10 clients
2026-08-03 04:20:53,393 [INFO] client1 starting with weights: FL_YOLO26n_Project_Outputs_noniid_clean/global_model_checkpoints/global_model_r0.pt
2026-08-03 04:20:58,031 [ERROR] Training failed for client client1: Command '['python', '/media/data3/home/truongduy/FL-YOLOv8-Object-Detection/FL_WithSequentialTraining/train_client.py', '--data', '/media/data3/home/truongduy/FL-YOLOv8-Object-Detection/Data/Dataset/KITTI_10clients_noniid/client1/data.yaml', '--save', 'client1_round1', '--epochs', '5', '--weights', 'FL_YOLO26n_Project_Outputs_noniid_clean/global_model_checkpoints/global_model_r0.pt', '--device', 'cuda', '--workers', '6', '--output_dir', 'FL_YOLO26n_Project_Outputs_noniid_clean/client_models']' returned non-zero exit status 1.
2026-08-03 04:20:58,031 [INFO] client2 starting with weights: FL_YOLO26n_Project_Outputs_noniid_clean/global_model_checkpoints/global_model_r0.pt
2026-08-03 04:21:02,710 [ERROR] Training failed for client client2: Command '['python', '/media/data3/home/truongduy/FL-YOLOv8-Object-Detection/FL_WithSequentialTraining/train_client.py', '--data', '/media/data3/home/truongduy/FL-YOLOv8-Object-Detection/Data/Dataset/KITTI_10clients_noniid/client2/data.yaml', '--save', 'client2_round1', '--epochs', '5', '--weights', 'FL_YOLO26n_Project_Outputs_noniid_clean/global_model_checkpoints/global_model_r0.pt', '--device', 'cuda', '--workers', '6', '--output_dir', 'FL_YOLO26n_Project_Outputs_noniid_clean/client_models']' returned non-zero exit status 1.
2026-08-03 04:21:02,710 [INFO] client3 starting with weights: FL_YOLO26n_Project_Outputs_noniid_clean/global_model_checkpoints/global_model_r0.pt
2026-08-03 04:21:14,346 [ERROR] Training failed for client client3: Command '['python', '/media/data3/home/truongduy/FL-YOLOv8-Object-Detection/FL_WithSequentialTraining/train_client.py', '--data', '/media/data3/home/truongduy/FL-YOLOv8-Object-Detection/Data/Dataset/KITTI_10clients_noniid/client3/data.yaml', '--save', 'client3_round1', '--epochs', '5', '--weights', 'FL_YOLO26n_Project_Outputs_noniid_clean/global_model_checkpoints/global_model_r0.pt', '--device', 'cuda', '--workers', '6', '--output_dir', 'FL_YOLO26n_Project_Outputs_noniid_clean/client_models']' returned non-zero exit status 1.
2026-08-03 04:21:14,346 [INFO] client4 starting with weights: FL_YOLO26n_Project_Outputs_noniid_clean/global_model_checkpoints/global_model_r0.pt
2026-08-03 04:21:18,977 [ERROR] Training failed for client client4: Command '['python', '/media/data3/home/truongduy/FL-YOLOv8-Object-Detection/FL_WithSequentialTraining/train_client.py', '--data', '/media/data3/home/truongduy/FL-YOLOv8-Object-Detection/Data/Dataset/KITTI_10clients_noniid/client4/data.yaml', '--save', 'client4_round1', '--epochs', '5', '--weights', 'FL_YOLO26n_Project_Outputs_noniid_clean/global_model_checkpoints/global_model_r0.pt', '--device', 'cuda', '--workers', '6', '--output_dir', 'FL_YOLO26n_Project_Outputs_noniid_clean/client_models']' returned non-zero exit status 1.
2026-08-03 04:21:18,977 [INFO] client5 starting with weights: FL_YOLO26n_Project_Outputs_noniid_clean/global_model_checkpoints/global_model_r0.pt
2026-08-03 04:21:22,859 [ERROR] Training failed for client client5: Command '['python', '/media/data3/home/truongduy/FL-YOLOv8-Object-Detection/FL_WithSequentialTraining/train_client.py', '--data', '/media/data3/home/truongduy/FL-YOLOv8-Object-Detection/Data/Dataset/KITTI_10clients_noniid/client5/data.yaml', '--save', 'client5_round1', '--epochs', '5', '--weights', 'FL_YOLO26n_Project_Outputs_noniid_clean/global_model_checkpoints/global_model_r0.pt', '--device', 'cuda', '--workers', '6', '--output_dir', 'FL_YOLO26n_Project_Outputs_noniid_clean/client_models']' returned non-zero exit status 1.
2026-08-03 04:21:22,860 [INFO] client6 starting with weights: FL_YOLO26n_Project_Outputs_noniid_clean/global_model_checkpoints/global_model_r0.pt
2026-08-03 04:21:27,385 [ERROR] Training failed for client client6: Command '['python', '/media/data3/home/truongduy/FL-YOLOv8-Object-Detection/FL_WithSequentialTraining/train_client.py', '--data', '/media/data3/home/truongduy/FL-YOLOv8-Object-Detection/Data/Dataset/KITTI_10clients_noniid/client6/data.yaml', '--save', 'client6_round1', '--epochs', '5', '--weights', 'FL_YOLO26n_Project_Outputs_noniid_clean/global_model_checkpoints/global_model_r0.pt', '--device', 'cuda', '--workers', '6', '--output_dir', 'FL_YOLO26n_Project_Outputs_noniid_clean/client_models']' returned non-zero exit status 1.
2026-08-03 04:21:27,385 [INFO] client7 starting with weights: FL_YOLO26n_Project_Outputs_noniid_clean/global_model_checkpoints/global_model_r0.pt
2026-08-03 04:21:38,851 [ERROR] Training failed for client client7: Command '['python', '/media/data3/home/truongduy/FL-YOLOv8-Object-Detection/FL_WithSequentialTraining/train_client.py', '--data', '/media/data3/home/truongduy/FL-YOLOv8-Object-Detection/Data/Dataset/KITTI_10clients_noniid/client7/data.yaml', '--save', 'client7_round1', '--epochs', '5', '--weights', 'FL_YOLO26n_Project_Outputs_noniid_clean/global_model_checkpoints/global_model_r0.pt', '--device', 'cuda', '--workers', '6', '--output_dir', 'FL_YOLO26n_Project_Outputs_noniid_clean/client_models']' returned non-zero exit status 1.
2026-08-03 04:21:38,851 [INFO] client8 starting with weights: FL_YOLO26n_Project_Outputs_noniid_clean/global_model_checkpoints/global_model_r0.pt
2026-08-03 04:21:43,200 [ERROR] Training failed for client client8: Command '['python', '/media/data3/home/truongduy/FL-YOLOv8-Object-Detection/FL_WithSequentialTraining/train_client.py', '--data', '/media/data3/home/truongduy/FL-YOLOv8-Object-Detection/Data/Dataset/KITTI_10clients_noniid/client8/data.yaml', '--save', 'client8_round1', '--epochs', '5', '--weights', 'FL_YOLO26n_Project_Outputs_noniid_clean/global_model_checkpoints/global_model_r0.pt', '--device', 'cuda', '--workers', '6', '--output_dir', 'FL_YOLO26n_Project_Outputs_noniid_clean/client_models']' returned non-zero exit status 1.
2026-08-03 04:21:43,200 [INFO] client9 starting with weights: FL_YOLO26n_Project_Outputs_noniid_clean/global_model_checkpoints/global_model_r0.pt
2026-08-03 04:21:47,315 [ERROR] Training failed for client client9: Command '['python', '/media/data3/home/truongduy/FL-YOLOv8-Object-Detection/FL_WithSequentialTraining/train_client.py', '--data', '/media/data3/home/truongduy/FL-YOLOv8-Object-Detection/Data/Dataset/KITTI_10clients_noniid/client9/data.yaml', '--save', 'client9_round1', '--epochs', '5', '--weights', 'FL_YOLO26n_Project_Outputs_noniid_clean/global_model_checkpoints/global_model_r0.pt', '--device', 'cuda', '--workers', '6', '--output_dir', 'FL_YOLO26n_Project_Outputs_noniid_clean/client_models']' returned non-zero exit status 1.
2026-08-03 04:21:47,315 [INFO] client10 starting with weights: FL_YOLO26n_Project_Outputs_noniid_clean/global_model_checkpoints/global_model_r0.pt
2026-08-03 04:21:52,306 [ERROR] Training failed for client client10: Command '['python', '/media/data3/home/truongduy/FL-YOLOv8-Object-Detection/FL_WithSequentialTraining/train_client.py', '--data', '/media/data3/home/truongduy/FL-YOLOv8-Object-Detection/Data/Dataset/KITTI_10clients_noniid/client10/data.yaml', '--save', 'client10_round1', '--epochs', '5', '--weights', 'FL_YOLO26n_Project_Outputs_noniid_clean/global_model_checkpoints/global_model_r0.pt', '--device', 'cuda', '--workers', '6', '--output_dir', 'FL_YOLO26n_Project_Outputs_noniid_clean/client_models']' returned non-zero exit status 1.
2026-08-03 04:21:52,306 [WARNING] No client weights to aggregate for round 1. Skipping aggregation.
2026-08-03 04:21:52,306 [INFO] ✅ Completed Round 1

2026-08-03 04:21:52,306 [INFO] ===== Federated Learning Round 2/25 =====
2026-08-03 04:21:52,307 [INFO] === Training Round 2 ===
2026-08-03 04:21:52,307 [INFO] [Warmup] Round 2: training ALL 10 clients
2026-08-03 04:21:52,307 [INFO] client1 starting with weights: FL_YOLO26n_Project_Outputs_noniid_clean/global_model_checkpoints/global_model_r1.pt
2026-08-03 04:21:56,721 [ERROR] Training failed for client client1: Command '['python', '/media/data3/home/truongduy/FL-YOLOv8-Object-Detection/FL_WithSequentialTraining/train_client.py', '--data', '/media/data3/home/truongduy/FL-YOLOv8-Object-Detection/Data/Dataset/KITTI_10clients_noniid/client1/data.yaml', '--save', 'client1_round2', '--epochs', '5', '--weights', 'FL_YOLO26n_Project_Outputs_noniid_clean/global_model_checkpoints/global_model_r1.pt', '--device', 'cuda', '--workers', '6', '--output_dir', 'FL_YOLO26n_Project_Outputs_noniid_clean/client_models']' returned non-zero exit status 1.
2026-08-03 04:21:56,721 [INFO] client2 starting with weights: FL_YOLO26n_Project_Outputs_noniid_clean/global_model_checkpoints/global_model_r1.pt
2026-08-03 04:22:00,529 [ERROR] Training failed for client client2: Command '['python', '/media/data3/home/truongduy/FL-YOLOv8-Object-Detection/FL_WithSequentialTraining/train_client.py', '--data', '/media/data3/home/truongduy/FL-YOLOv8-Object-Detection/Data/Dataset/KITTI_10clients_noniid/client2/data.yaml', '--save', 'client2_round2', '--epochs', '5', '--weights', 'FL_YOLO26n_Project_Outputs_noniid_clean/global_model_checkpoints/global_model_r1.pt', '--device', 'cuda', '--workers', '6', '--output_dir', 'FL_YOLO26n_Project_Outputs_noniid_clean/client_models']' returned non-zero exit status 1.
2026-08-03 04:22:00,529 [INFO] client3 starting with weights: FL_YOLO26n_Project_Outputs_noniid_clean/global_model_checkpoints/global_model_r1.pt
2026-08-03 04:22:04,056 [ERROR] Training failed for client client3: Command '['python', '/media/data3/home/truongduy/FL-YOLOv8-Object-Detection/FL_WithSequentialTraining/train_client.py', '--data', '/media/data3/home/truongduy/FL-YOLOv8-Object-Detection/Data/Dataset/KITTI_10clients_noniid/client3/data.yaml', '--save', 'client3_round2', '--epochs', '5', '--weights', 'FL_YOLO26n_Project_Outputs_noniid_clean/global_model_checkpoints/global_model_r1.pt', '--device', 'cuda', '--workers', '6', '--output_dir', 'FL_YOLO26n_Project_Outputs_noniid_clean/client_models']' returned non-zero exit status 1.
2026-08-03 04:22:04,056 [INFO] client4 starting with weights: FL_YOLO26n_Project_Outputs_noniid_clean/global_model_checkpoints/global_model_r1.pt
2026-08-03 04:22:07,613 [ERROR] Training failed for client client4: Command '['python', '/media/data3/home/truongduy/FL-YOLOv8-Object-Detection/FL_WithSequentialTraining/train_client.py', '--data', '/media/data3/home/truongduy/FL-YOLOv8-Object-Detection/Data/Dataset/KITTI_10clients_noniid/client4/data.yaml', '--save', 'client4_round2', '--epochs', '5', '--weights', 'FL_YOLO26n_Project_Outputs_noniid_clean/global_model_checkpoints/global_model_r1.pt', '--device', 'cuda', '--workers', '6', '--output_dir', 'FL_YOLO26n_Project_Outputs_noniid_clean/client_models']' returned non-zero exit status 1.
2026-08-03 04:22:07,614 [INFO] client5 starting with weights: FL_YOLO26n_Project_Outputs_noniid_clean/global_model_checkpoints/global_model_r1.pt
2026-08-03 04:22:11,350 [ERROR] Training failed for client client5: Command '['python', '/media/data3/home/truongduy/FL-YOLOv8-Object-Detection/FL_WithSequentialTraining/train_client.py', '--data', '/media/data3/home/truongduy/FL-YOLOv8-Object-Detection/Data/Dataset/KITTI_10clients_noniid/client5/data.yaml', '--save', 'client5_round2', '--epochs', '5', '--weights', 'FL_YOLO26n_Project_Outputs_noniid_clean/global_model_checkpoints/global_model_r1.pt', '--device', 'cuda', '--workers', '6', '--output_dir', 'FL_YOLO26n_Project_Outputs_noniid_clean/client_models']' returned non-zero exit status 1.
2026-08-03 04:22:11,350 [INFO] client6 starting with weights: FL_YOLO26n_Project_Outputs_noniid_clean/global_model_checkpoints/global_model_r1.pt
2026-08-03 04:22:14,954 [ERROR] Training failed for client client6: Command '['python', '/media/data3/home/truongduy/FL-YOLOv8-Object-Detection/FL_WithSequentialTraining/train_client.py', '--data', '/media/data3/home/truongduy/FL-YOLOv8-Object-Detection/Data/Dataset/KITTI_10clients_noniid/client6/data.yaml', '--save', 'client6_round2', '--epochs', '5', '--weights', 'FL_YOLO26n_Project_Outputs_noniid_clean/global_model_checkpoints/global_model_r1.pt', '--device', 'cuda', '--workers', '6', '--output_dir', 'FL_YOLO26n_Project_Outputs_noniid_clean/client_models']' returned non-zero exit status 1.
2026-08-03 04:22:14,955 [INFO] client7 starting with weights: FL_YOLO26n_Project_Outputs_noniid_clean/global_model_checkpoints/global_model_r1.pt
2026-08-03 04:22:18,594 [ERROR] Training failed for client client7: Command '['python', '/media/data3/home/truongduy/FL-YOLOv8-Object-Detection/FL_WithSequentialTraining/train_client.py', '--data', '/media/data3/home/truongduy/FL-YOLOv8-Object-Detection/Data/Dataset/KITTI_10clients_noniid/client7/data.yaml', '--save', 'client7_round2', '--epochs', '5', '--weights', 'FL_YOLO26n_Project_Outputs_noniid_clean/global_model_checkpoints/global_model_r1.pt', '--device', 'cuda', '--workers', '6', '--output_dir', 'FL_YOLO26n_Project_Outputs_noniid_clean/client_models']' returned non-zero exit status 1.
2026-08-03 04:22:18,594 [INFO] client8 starting with weights: FL_YOLO26n_Project_Outputs_noniid_clean/global_model_checkpoints/global_model_r1.pt
2026-08-03 04:22:21,936 [ERROR] Training failed for client client8: Command '['python', '/media/data3/home/truongduy/FL-YOLOv8-Object-Detection/FL_WithSequentialTraining/train_client.py', '--data', '/media/data3/home/truongduy/FL-YOLOv8-Object-Detection/Data/Dataset/KITTI_10clients_noniid/client8/data.yaml', '--save', 'client8_round2', '--epochs', '5', '--weights', 'FL_YOLO26n_Project_Outputs_noniid_clean/global_model_checkpoints/global_model_r1.pt', '--device', 'cuda', '--workers', '6', '--output_dir', 'FL_YOLO26n_Project_Outputs_noniid_clean/client_models']' returned non-zero exit status 1.
2026-08-03 04:22:21,937 [INFO] client9 starting with weights: FL_YOLO26n_Project_Outputs_noniid_clean/global_model_checkpoints/global_model_r1.pt
2026-08-03 04:22:25,615 [ERROR] Training failed for client client9: Command '['python', '/media/data3/home/truongduy/FL-YOLOv8-Object-Detection/FL_WithSequentialTraining/train_client.py', '--data', '/media/data3/home/truongduy/FL-YOLOv8-Object-Detection/Data/Dataset/KITTI_10clients_noniid/client9/data.yaml', '--save', 'client9_round2', '--epochs', '5', '--weights', 'FL_YOLO26n_Project_Outputs_noniid_clean/global_model_checkpoints/global_model_r1.pt', '--device', 'cuda', '--workers', '6', '--output_dir', 'FL_YOLO26n_Project_Outputs_noniid_clean/client_models']' returned non-zero exit status 1.
2026-08-03 04:22:25,615 [INFO] client10 starting with weights: FL_YOLO26n_Project_Outputs_noniid_clean/global_model_checkpoints/global_model_r1.pt
2026-08-03 04:22:28,884 [ERROR] Training failed for client client10: Command '['python', '/media/data3/home/truongduy/FL-YOLOv8-Object-Detection/FL_WithSequentialTraining/train_client.py', '--data', '/media/data3/home/truongduy/FL-YOLOv8-Object-Detection/Data/Dataset/KITTI_10clients_noniid/client10/data.yaml', '--save', 'client10_round2', '--epochs', '5', '--weights', 'FL_YOLO26n_Project_Outputs_noniid_clean/global_model_checkpoints/global_model_r1.pt', '--device', 'cuda', '--workers', '6', '--output_dir', 'FL_YOLO26n_Project_Outputs_noniid_clean/client_models']' returned non-zero exit status 1.
2026-08-03 04:22:28,885 [WARNING] No client weights to aggregate for round 2. Skipping aggregation.
2026-08-03 04:22:28,885 [INFO] ✅ Completed Round 2

2026-08-03 04:22:28,885 [INFO] ===== Federated Learning Round 3/25 =====
2026-08-03 04:22:28,885 [INFO] === Training Round 3 ===
2026-08-03 04:22:28,886 [INFO] [Warmup] Round 3: training ALL 10 clients
2026-08-03 04:22:28,886 [INFO] client1 starting with weights: FL_YOLO26n_Project_Outputs_noniid_clean/global_model_checkpoints/global_model_r2.pt
2026-08-03 04:22:32,498 [ERROR] Training failed for client client1: Command '['python', '/media/data3/home/truongduy/FL-YOLOv8-Object-Detection/FL_WithSequentialTraining/train_client.py', '--data', '/media/data3/home/truongduy/FL-YOLOv8-Object-Detection/Data/Dataset/KITTI_10clients_noniid/client1/data.yaml', '--save', 'client1_round3', '--epochs', '5', '--weights', 'FL_YOLO26n_Project_Outputs_noniid_clean/global_model_checkpoints/global_model_r2.pt', '--device', 'cuda', '--workers', '6', '--output_dir', 'FL_YOLO26n_Project_Outputs_noniid_clean/client_models']' returned non-zero exit status 1.
2026-08-03 04:22:32,498 [INFO] client2 starting with weights: FL_YOLO26n_Project_Outputs_noniid_clean/global_model_checkpoints/global_model_r2.pt
2026-08-03 04:22:35,927 [ERROR] Training failed for client client2: Command '['python', '/media/data3/home/truongduy/FL-YOLOv8-Object-Detection/FL_WithSequentialTraining/train_client.py', '--data', '/media/data3/home/truongduy/FL-YOLOv8-Object-Detection/Data/Dataset/KITTI_10clients_noniid/client2/data.yaml', '--save', 'client2_round3', '--epochs', '5', '--weights', 'FL_YOLO26n_Project_Outputs_noniid_clean/global_model_checkpoints/global_model_r2.pt', '--device', 'cuda', '--workers', '6', '--output_dir', 'FL_YOLO26n_Project_Outputs_noniid_clean/client_models']' returned non-zero exit status 1.
2026-08-03 04:22:35,928 [INFO] client3 starting with weights: FL_YOLO26n_Project_Outputs_noniid_clean/global_model_checkpoints/global_model_r2.pt
2026-08-03 04:22:39,493 [ERROR] Training failed for client client3: Command '['python', '/media/data3/home/truongduy/FL-YOLOv8-Object-Detection/FL_WithSequentialTraining/train_client.py', '--data', '/media/data3/home/truongduy/FL-YOLOv8-Object-Detection/Data/Dataset/KITTI_10clients_noniid/client3/data.yaml', '--save', 'client3_round3', '--epochs', '5', '--weights', 'FL_YOLO26n_Project_Outputs_noniid_clean/global_model_checkpoints/global_model_r2.pt', '--device', 'cuda', '--workers', '6', '--output_dir', 'FL_YOLO26n_Project_Outputs_noniid_clean/client_models']' returned non-zero exit status 1.
2026-08-03 04:22:39,493 [INFO] client4 starting with weights: FL_YOLO26n_Project_Outputs_noniid_clean/global_model_checkpoints/global_model_r2.pt
2026-08-03 04:22:42,635 [ERROR] Training failed for client client4: Command '['python', '/media/data3/home/truongduy/FL-YOLOv8-Object-Detection/FL_WithSequentialTraining/train_client.py', '--data', '/media/data3/home/truongduy/FL-YOLOv8-Object-Detection/Data/Dataset/KITTI_10clients_noniid/client4/data.yaml', '--save', 'client4_round3', '--epochs', '5', '--weights', 'FL_YOLO26n_Project_Outputs_noniid_clean/global_model_checkpoints/global_model_r2.pt', '--device', 'cuda', '--workers', '6', '--output_dir', 'FL_YOLO26n_Project_Outputs_noniid_clean/client_models']' returned non-zero exit status 1.
2026-08-03 04:22:42,636 [INFO] client5 starting with weights: FL_YOLO26n_Project_Outputs_noniid_clean/global_model_checkpoints/global_model_r2.pt
2026-08-03 04:22:46,067 [ERROR] Training failed for client client5: Command '['python', '/media/data3/home/truongduy/FL-YOLOv8-Object-Detection/FL_WithSequentialTraining/train_client.py', '--data', '/media/data3/home/truongduy/FL-YOLOv8-Object-Detection/Data/Dataset/KITTI_10clients_noniid/client5/data.yaml', '--save', 'client5_round3', '--epochs', '5', '--weights', 'FL_YOLO26n_Project_Outputs_noniid_clean/global_model_checkpoints/global_model_r2.pt', '--device', 'cuda', '--workers', '6', '--output_dir', 'FL_YOLO26n_Project_Outputs_noniid_clean/client_models']' returned non-zero exit status 1.
2026-08-03 04:22:46,067 [INFO] client6 starting with weights: FL_YOLO26n_Project_Outputs_noniid_clean/global_model_checkpoints/global_model_r2.pt
2026-08-03 04:22:49,412 [ERROR] Training failed for client client6: Command '['python', '/media/data3/home/truongduy/FL-YOLOv8-Object-Detection/FL_WithSequentialTraining/train_client.py', '--data', '/media/data3/home/truongduy/FL-YOLOv8-Object-Detection/Data/Dataset/KITTI_10clients_noniid/client6/data.yaml', '--save', 'client6_round3', '--epochs', '5', '--weights', 'FL_YOLO26n_Project_Outputs_noniid_clean/global_model_checkpoints/global_model_r2.pt', '--device', 'cuda', '--workers', '6', '--output_dir', 'FL_YOLO26n_Project_Outputs_noniid_clean/client_models']' returned non-zero exit status 1.
2026-08-03 04:22:49,412 [INFO] client7 starting with weights: FL_YOLO26n_Project_Outputs_noniid_clean/global_model_checkpoints/global_model_r2.pt
2026-08-03 04:22:53,149 [ERROR] Training failed for client client7: Command '['python', '/media/data3/home/truongduy/FL-YOLOv8-Object-Detection/FL_WithSequentialTraining/train_client.py', '--data', '/media/data3/home/truongduy/FL-YOLOv8-Object-Detection/Data/Dataset/KITTI_10clients_noniid/client7/data.yaml', '--save', 'client7_round3', '--epochs', '5', '--weights', 'FL_YOLO26n_Project_Outputs_noniid_clean/global_model_checkpoints/global_model_r2.pt', '--device', 'cuda', '--workers', '6', '--output_dir', 'FL_YOLO26n_Project_Outputs_noniid_clean/client_models']' returned non-zero exit status 1.
2026-08-03 04:22:53,149 [INFO] client8 starting with weights: FL_YOLO26n_Project_Outputs_noniid_clean/global_model_checkpoints/global_model_r2.pt
2026-08-03 04:22:56,525 [ERROR] Training failed for client client8: Command '['python', '/media/data3/home/truongduy/FL-YOLOv8-Object-Detection/FL_WithSequentialTraining/train_client.py', '--data', '/media/data3/home/truongduy/FL-YOLOv8-Object-Detection/Data/Dataset/KITTI_10clients_noniid/client8/data.yaml', '--save', 'client8_round3', '--epochs', '5', '--weights', 'FL_YOLO26n_Project_Outputs_noniid_clean/global_model_checkpoints/global_model_r2.pt', '--device', 'cuda', '--workers', '6', '--output_dir', 'FL_YOLO26n_Project_Outputs_noniid_clean/client_models']' returned non-zero exit status 1.
2026-08-03 04:22:56,526 [INFO] client9 starting with weights: FL_YOLO26n_Project_Outputs_noniid_clean/global_model_checkpoints/global_model_r2.pt
2026-08-03 04:22:59,942 [ERROR] Training failed for client client9: Command '['python', '/media/data3/home/truongduy/FL-YOLOv8-Object-Detection/FL_WithSequentialTraining/train_client.py', '--data', '/media/data3/home/truongduy/FL-YOLOv8-Object-Detection/Data/Dataset/KITTI_10clients_noniid/client9/data.yaml', '--save', 'client9_round3', '--epochs', '5', '--weights', 'FL_YOLO26n_Project_Outputs_noniid_clean/global_model_checkpoints/global_model_r2.pt', '--device', 'cuda', '--workers', '6', '--output_dir', 'FL_YOLO26n_Project_Outputs_noniid_clean/client_models']' returned non-zero exit status 1.
2026-08-03 04:22:59,943 [INFO] client10 starting with weights: FL_YOLO26n_Project_Outputs_noniid_clean/global_model_checkpoints/global_model_r2.pt
2026-08-03 04:23:03,109 [ERROR] Training failed for client client10: Command '['python', '/media/data3/home/truongduy/FL-YOLOv8-Object-Detection/FL_WithSequentialTraining/train_client.py', '--data', '/media/data3/home/truongduy/FL-YOLOv8-Object-Detection/Data/Dataset/KITTI_10clients_noniid/client10/data.yaml', '--save', 'client10_round3', '--epochs', '5', '--weights', 'FL_YOLO26n_Project_Outputs_noniid_clean/global_model_checkpoints/global_model_r2.pt', '--device', 'cuda', '--workers', '6', '--output_dir', 'FL_YOLO26n_Project_Outputs_noniid_clean/client_models']' returned non-zero exit status 1.
2026-08-03 04:23:03,109 [WARNING] No client weights to aggregate for round 3. Skipping aggregation.
2026-08-03 04:23:03,110 [INFO] ✅ Completed Round 3

2026-08-03 04:23:03,110 [INFO] ===== Federated Learning Round 4/25 =====
2026-08-03 04:23:03,110 [INFO] === Training Round 4 ===
2026-08-03 04:23:03,110 [INFO] [Warmup] Round 4: training ALL 10 clients
2026-08-03 04:23:03,110 [INFO] client1 starting with weights: FL_YOLO26n_Project_Outputs_noniid_clean/global_model_checkpoints/global_model_r3.pt
2026-08-03 04:23:06,477 [ERROR] Training failed for client client1: Command '['python', '/media/data3/home/truongduy/FL-YOLOv8-Object-Detection/FL_WithSequentialTraining/train_client.py', '--data', '/media/data3/home/truongduy/FL-YOLOv8-Object-Detection/Data/Dataset/KITTI_10clients_noniid/client1/data.yaml', '--save', 'client1_round4', '--epochs', '5', '--weights', 'FL_YOLO26n_Project_Outputs_noniid_clean/global_model_checkpoints/global_model_r3.pt', '--device', 'cuda', '--workers', '6', '--output_dir', 'FL_YOLO26n_Project_Outputs_noniid_clean/client_models']' returned non-zero exit status 1.
2026-08-03 04:23:06,477 [INFO] client2 starting with weights: FL_YOLO26n_Project_Outputs_noniid_clean/global_model_checkpoints/global_model_r3.pt
2026-08-03 04:23:10,034 [ERROR] Training failed for client client2: Command '['python', '/media/data3/home/truongduy/FL-YOLOv8-Object-Detection/FL_WithSequentialTraining/train_client.py', '--data', '/media/data3/home/truongduy/FL-YOLOv8-Object-Detection/Data/Dataset/KITTI_10clients_noniid/client2/data.yaml', '--save', 'client2_round4', '--epochs', '5', '--weights', 'FL_YOLO26n_Project_Outputs_noniid_clean/global_model_checkpoints/global_model_r3.pt', '--device', 'cuda', '--workers', '6', '--output_dir', 'FL_YOLO26n_Project_Outputs_noniid_clean/client_models']' returned non-zero exit status 1.
2026-08-03 04:23:10,034 [INFO] client3 starting with weights: FL_YOLO26n_Project_Outputs_noniid_clean/global_model_checkpoints/global_model_r3.pt
2026-08-03 04:23:13,601 [ERROR] Training failed for client client3: Command '['python', '/media/data3/home/truongduy/FL-YOLOv8-Object-Detection/FL_WithSequentialTraining/train_client.py', '--data', '/media/data3/home/truongduy/FL-YOLOv8-Object-Detection/Data/Dataset/KITTI_10clients_noniid/client3/data.yaml', '--save', 'client3_round4', '--epochs', '5', '--weights', 'FL_YOLO26n_Project_Outputs_noniid_clean/global_model_checkpoints/global_model_r3.pt', '--device', 'cuda', '--workers', '6', '--output_dir', 'FL_YOLO26n_Project_Outputs_noniid_clean/client_models']' returned non-zero exit status 1.
2026-08-03 04:23:13,601 [INFO] client4 starting with weights: FL_YOLO26n_Project_Outputs_noniid_clean/global_model_checkpoints/global_model_r3.pt
2026-08-03 04:23:16,730 [ERROR] Training failed for client client4: Command '['python', '/media/data3/home/truongduy/FL-YOLOv8-Object-Detection/FL_WithSequentialTraining/train_client.py', '--data', '/media/data3/home/truongduy/FL-YOLOv8-Object-Detection/Data/Dataset/KITTI_10clients_noniid/client4/data.yaml', '--save', 'client4_round4', '--epochs', '5', '--weights', 'FL_YOLO26n_Project_Outputs_noniid_clean/global_model_checkpoints/global_model_r3.pt', '--device', 'cuda', '--workers', '6', '--output_dir', 'FL_YOLO26n_Project_Outputs_noniid_clean/client_models']' returned non-zero exit status 1.
2026-08-03 04:23:16,730 [INFO] client5 starting with weights: FL_YOLO26n_Project_Outputs_noniid_clean/global_model_checkpoints/global_model_r3.pt
2026-08-03 04:23:19,902 [ERROR] Training failed for client client5: Command '['python', '/media/data3/home/truongduy/FL-YOLOv8-Object-Detection/FL_WithSequentialTraining/train_client.py', '--data', '/media/data3/home/truongduy/FL-YOLOv8-Object-Detection/Data/Dataset/KITTI_10clients_noniid/client5/data.yaml', '--save', 'client5_round4', '--epochs', '5', '--weights', 'FL_YOLO26n_Project_Outputs_noniid_clean/global_model_checkpoints/global_model_r3.pt', '--device', 'cuda', '--workers', '6', '--output_dir', 'FL_YOLO26n_Project_Outputs_noniid_clean/client_models']' returned non-zero exit status 1.
2026-08-03 04:23:19,902 [INFO] client6 starting with weights: FL_YOLO26n_Project_Outputs_noniid_clean/global_model_checkpoints/global_model_r3.pt
2026-08-03 04:23:23,535 [ERROR] Training failed for client client6: Command '['python', '/media/data3/home/truongduy/FL-YOLOv8-Object-Detection/FL_WithSequentialTraining/train_client.py', '--data', '/media/data3/home/truongduy/FL-YOLOv8-Object-Detection/Data/Dataset/KITTI_10clients_noniid/client6/data.yaml', '--save', 'client6_round4', '--epochs', '5', '--weights', 'FL_YOLO26n_Project_Outputs_noniid_clean/global_model_checkpoints/global_model_r3.pt', '--device', 'cuda', '--workers', '6', '--output_dir', 'FL_YOLO26n_Project_Outputs_noniid_clean/client_models']' returned non-zero exit status 1.
2026-08-03 04:23:23,536 [INFO] client7 starting with weights: FL_YOLO26n_Project_Outputs_noniid_clean/global_model_checkpoints/global_model_r3.pt
2026-08-03 04:23:27,083 [ERROR] Training failed for client client7: Command '['python', '/media/data3/home/truongduy/FL-YOLOv8-Object-Detection/FL_WithSequentialTraining/train_client.py', '--data', '/media/data3/home/truongduy/FL-YOLOv8-Object-Detection/Data/Dataset/KITTI_10clients_noniid/client7/data.yaml', '--save', 'client7_round4', '--epochs', '5', '--weights', 'FL_YOLO26n_Project_Outputs_noniid_clean/global_model_checkpoints/global_model_r3.pt', '--device', 'cuda', '--workers', '6', '--output_dir', 'FL_YOLO26n_Project_Outputs_noniid_clean/client_models']' returned non-zero exit status 1.
2026-08-03 04:23:27,083 [INFO] client8 starting with weights: FL_YOLO26n_Project_Outputs_noniid_clean/global_model_checkpoints/global_model_r3.pt
2026-08-03 04:23:30,525 [ERROR] Training failed for client client8: Command '['python', '/media/data3/home/truongduy/FL-YOLOv8-Object-Detection/FL_WithSequentialTraining/train_client.py', '--data', '/media/data3/home/truongduy/FL-YOLOv8-Object-Detection/Data/Dataset/KITTI_10clients_noniid/client8/data.yaml', '--save', 'client8_round4', '--epochs', '5', '--weights', 'FL_YOLO26n_Project_Outputs_noniid_clean/global_model_checkpoints/global_model_r3.pt', '--device', 'cuda', '--workers', '6', '--output_dir', 'FL_YOLO26n_Project_Outputs_noniid_clean/client_models']' returned non-zero exit status 1.
2026-08-03 04:23:30,525 [INFO] client9 starting with weights: FL_YOLO26n_Project_Outputs_noniid_clean/global_model_checkpoints/global_model_r3.pt
2026-08-03 04:23:34,127 [ERROR] Training failed for client client9: Command '['python', '/media/data3/home/truongduy/FL-YOLOv8-Object-Detection/FL_WithSequentialTraining/train_client.py', '--data', '/media/data3/home/truongduy/FL-YOLOv8-Object-Detection/Data/Dataset/KITTI_10clients_noniid/client9/data.yaml', '--save', 'client9_round4', '--epochs', '5', '--weights', 'FL_YOLO26n_Project_Outputs_noniid_clean/global_model_checkpoints/global_model_r3.pt', '--device', 'cuda', '--workers', '6', '--output_dir', 'FL_YOLO26n_Project_Outputs_noniid_clean/client_models']' returned non-zero exit status 1.
2026-08-03 04:23:34,128 [INFO] client10 starting with weights: FL_YOLO26n_Project_Outputs_noniid_clean/global_model_checkpoints/global_model_r3.pt
2026-08-03 04:23:37,480 [ERROR] Training failed for client client10: Command '['python', '/media/data3/home/truongduy/FL-YOLOv8-Object-Detection/FL_WithSequentialTraining/train_client.py', '--data', '/media/data3/home/truongduy/FL-YOLOv8-Object-Detection/Data/Dataset/KITTI_10clients_noniid/client10/data.yaml', '--save', 'client10_round4', '--epochs', '5', '--weights', 'FL_YOLO26n_Project_Outputs_noniid_clean/global_model_checkpoints/global_model_r3.pt', '--device', 'cuda', '--workers', '6', '--output_dir', 'FL_YOLO26n_Project_Outputs_noniid_clean/client_models']' returned non-zero exit status 1.
2026-08-03 04:23:37,481 [WARNING] No client weights to aggregate for round 4. Skipping aggregation.
2026-08-03 04:23:37,481 [INFO] ✅ Completed Round 4

2026-08-03 04:23:37,481 [INFO] ===== Federated Learning Round 5/25 =====
2026-08-03 04:23:37,481 [INFO] === Training Round 5 ===
2026-08-03 04:23:37,482 [INFO] [Warmup] Round 5: training ALL 10 clients
2026-08-03 04:23:37,482 [INFO] client1 starting with weights: FL_YOLO26n_Project_Outputs_noniid_clean/global_model_checkpoints/global_model_r4.pt
2026-08-03 04:23:40,922 [ERROR] Training failed for client client1: Command '['python', '/media/data3/home/truongduy/FL-YOLOv8-Object-Detection/FL_WithSequentialTraining/train_client.py', '--data', '/media/data3/home/truongduy/FL-YOLOv8-Object-Detection/Data/Dataset/KITTI_10clients_noniid/client1/data.yaml', '--save', 'client1_round5', '--epochs', '5', '--weights', 'FL_YOLO26n_Project_Outputs_noniid_clean/global_model_checkpoints/global_model_r4.pt', '--device', 'cuda', '--workers', '6', '--output_dir', 'FL_YOLO26n_Project_Outputs_noniid_clean/client_models']' returned non-zero exit status 1.
2026-08-03 04:23:40,922 [INFO] client2 starting with weights: FL_YOLO26n_Project_Outputs_noniid_clean/global_model_checkpoints/global_model_r4.pt
2026-08-03 04:23:44,485 [ERROR] Training failed for client client2: Command '['python', '/media/data3/home/truongduy/FL-YOLOv8-Object-Detection/FL_WithSequentialTraining/train_client.py', '--data', '/media/data3/home/truongduy/FL-YOLOv8-Object-Detection/Data/Dataset/KITTI_10clients_noniid/client2/data.yaml', '--save', 'client2_round5', '--epochs', '5', '--weights', 'FL_YOLO26n_Project_Outputs_noniid_clean/global_model_checkpoints/global_model_r4.pt', '--device', 'cuda', '--workers', '6', '--output_dir', 'FL_YOLO26n_Project_Outputs_noniid_clean/client_models']' returned non-zero exit status 1.
2026-08-03 04:23:44,486 [INFO] client3 starting with weights: FL_YOLO26n_Project_Outputs_noniid_clean/global_model_checkpoints/global_model_r4.pt
2026-08-03 04:23:47,998 [ERROR] Training failed for client client3: Command '['python', '/media/data3/home/truongduy/FL-YOLOv8-Object-Detection/FL_WithSequentialTraining/train_client.py', '--data', '/media/data3/home/truongduy/FL-YOLOv8-Object-Detection/Data/Dataset/KITTI_10clients_noniid/client3/data.yaml', '--save', 'client3_round5', '--epochs', '5', '--weights', 'FL_YOLO26n_Project_Outputs_noniid_clean/global_model_checkpoints/global_model_r4.pt', '--device', 'cuda', '--workers', '6', '--output_dir', 'FL_YOLO26n_Project_Outputs_noniid_clean/client_models']' returned non-zero exit status 1.
2026-08-03 04:23:47,998 [INFO] client4 starting with weights: FL_YOLO26n_Project_Outputs_noniid_clean/global_model_checkpoints/global_model_r4.pt
2026-08-03 04:23:51,541 [ERROR] Training failed for client client4: Command '['python', '/media/data3/home/truongduy/FL-YOLOv8-Object-Detection/FL_WithSequentialTraining/train_client.py', '--data', '/media/data3/home/truongduy/FL-YOLOv8-Object-Detection/Data/Dataset/KITTI_10clients_noniid/client4/data.yaml', '--save', 'client4_round5', '--epochs', '5', '--weights', 'FL_YOLO26n_Project_Outputs_noniid_clean/global_model_checkpoints/global_model_r4.pt', '--device', 'cuda', '--workers', '6', '--output_dir', 'FL_YOLO26n_Project_Outputs_noniid_clean/client_models']' returned non-zero exit status 1.
2026-08-03 04:23:51,541 [INFO] client5 starting with weights: FL_YOLO26n_Project_Outputs_noniid_clean/global_model_checkpoints/global_model_r4.pt
2026-08-03 04:23:55,061 [ERROR] Training failed for client client5: Command '['python', '/media/data3/home/truongduy/FL-YOLOv8-Object-Detection/FL_WithSequentialTraining/train_client.py', '--data', '/media/data3/home/truongduy/FL-YOLOv8-Object-Detection/Data/Dataset/KITTI_10clients_noniid/client5/data.yaml', '--save', 'client5_round5', '--epochs', '5', '--weights', 'FL_YOLO26n_Project_Outputs_noniid_clean/global_model_checkpoints/global_model_r4.pt', '--device', 'cuda', '--workers', '6', '--output_dir', 'FL_YOLO26n_Project_Outputs_noniid_clean/client_models']' returned non-zero exit status 1.
2026-08-03 04:23:55,061 [INFO] client6 starting with weights: FL_YOLO26n_Project_Outputs_noniid_clean/global_model_checkpoints/global_model_r4.pt
2026-08-03 04:23:58,503 [ERROR] Training failed for client client6: Command '['python', '/media/data3/home/truongduy/FL-YOLOv8-Object-Detection/FL_WithSequentialTraining/train_client.py', '--data', '/media/data3/home/truongduy/FL-YOLOv8-Object-Detection/Data/Dataset/KITTI_10clients_noniid/client6/data.yaml', '--save', 'client6_round5', '--epochs', '5', '--weights', 'FL_YOLO26n_Project_Outputs_noniid_clean/global_model_checkpoints/global_model_r4.pt', '--device', 'cuda', '--workers', '6', '--output_dir', 'FL_YOLO26n_Project_Outputs_noniid_clean/client_models']' returned non-zero exit status 1.
2026-08-03 04:23:58,504 [INFO] client7 starting with weights: FL_YOLO26n_Project_Outputs_noniid_clean/global_model_checkpoints/global_model_r4.pt
2026-08-03 04:24:01,970 [ERROR] Training failed for client client7: Command '['python', '/media/data3/home/truongduy/FL-YOLOv8-Object-Detection/FL_WithSequentialTraining/train_client.py', '--data', '/media/data3/home/truongduy/FL-YOLOv8-Object-Detection/Data/Dataset/KITTI_10clients_noniid/client7/data.yaml', '--save', 'client7_round5', '--epochs', '5', '--weights', 'FL_YOLO26n_Project_Outputs_noniid_clean/global_model_checkpoints/global_model_r4.pt', '--device', 'cuda', '--workers', '6', '--output_dir', 'FL_YOLO26n_Project_Outputs_noniid_clean/client_models']' returned non-zero exit status 1.
2026-08-03 04:24:01,970 [INFO] client8 starting with weights: FL_YOLO26n_Project_Outputs_noniid_clean/global_model_checkpoints/global_model_r4.pt
2026-08-03 04:24:05,554 [ERROR] Training failed for client client8: Command '['python', '/media/data3/home/truongduy/FL-YOLOv8-Object-Detection/FL_WithSequentialTraining/train_client.py', '--data', '/media/data3/home/truongduy/FL-YOLOv8-Object-Detection/Data/Dataset/KITTI_10clients_noniid/client8/data.yaml', '--save', 'client8_round5', '--epochs', '5', '--weights', 'FL_YOLO26n_Project_Outputs_noniid_clean/global_model_checkpoints/global_model_r4.pt', '--device', 'cuda', '--workers', '6', '--output_dir', 'FL_YOLO26n_Project_Outputs_noniid_clean/client_models']' returned non-zero exit status 1.
2026-08-03 04:24:05,555 [INFO] client9 starting with weights: FL_YOLO26n_Project_Outputs_noniid_clean/global_model_checkpoints/global_model_r4.pt
2026-08-03 04:24:09,445 [ERROR] Training failed for client client9: Command '['python', '/media/data3/home/truongduy/FL-YOLOv8-Object-Detection/FL_WithSequentialTraining/train_client.py', '--data', '/media/data3/home/truongduy/FL-YOLOv8-Object-Detection/Data/Dataset/KITTI_10clients_noniid/client9/data.yaml', '--save', 'client9_round5', '--epochs', '5', '--weights', 'FL_YOLO26n_Project_Outputs_noniid_clean/global_model_checkpoints/global_model_r4.pt', '--device', 'cuda', '--workers', '6', '--output_dir', 'FL_YOLO26n_Project_Outputs_noniid_clean/client_models']' returned non-zero exit status 1.
2026-08-03 04:24:09,445 [INFO] client10 starting with weights: FL_YOLO26n_Project_Outputs_noniid_clean/global_model_checkpoints/global_model_r4.pt
2026-08-03 04:24:13,230 [ERROR] Training failed for client client10: Command '['python', '/media/data3/home/truongduy/FL-YOLOv8-Object-Detection/FL_WithSequentialTraining/train_client.py', '--data', '/media/data3/home/truongduy/FL-YOLOv8-Object-Detection/Data/Dataset/KITTI_10clients_noniid/client10/data.yaml', '--save', 'client10_round5', '--epochs', '5', '--weights', 'FL_YOLO26n_Project_Outputs_noniid_clean/global_model_checkpoints/global_model_r4.pt', '--device', 'cuda', '--workers', '6', '--output_dir', 'FL_YOLO26n_Project_Outputs_noniid_clean/client_models']' returned non-zero exit status 1.
2026-08-03 04:24:13,230 [WARNING] No client weights to aggregate for round 5. Skipping aggregation.
2026-08-03 04:24:13,230 [INFO] ✅ Completed Round 5

2026-08-03 04:24:13,230 [INFO] ===== Federated Learning Round 6/25 =====
2026-08-03 04:24:13,231 [INFO] === Training Round 6 ===
2026-08-03 04:24:13,281 [INFO] [Oort] Round 6 selected: [1, 8, 5, 3, 0]
2026-08-03 04:24:13,282 [INFO] client2 starting with weights: FL_YOLO26n_Project_Outputs_noniid_clean/global_model_checkpoints/global_model_r5.pt
2026-08-03 04:24:16,957 [ERROR] Training failed for client client2: Command '['python', '/media/data3/home/truongduy/FL-YOLOv8-Object-Detection/FL_WithSequentialTraining/train_client.py', '--data', '/media/data3/home/truongduy/FL-YOLOv8-Object-Detection/Data/Dataset/KITTI_10clients_noniid/client2/data.yaml', '--save', 'client2_round6', '--epochs', '5', '--weights', 'FL_YOLO26n_Project_Outputs_noniid_clean/global_model_checkpoints/global_model_r5.pt', '--device', 'cuda', '--workers', '6', '--output_dir', 'FL_YOLO26n_Project_Outputs_noniid_clean/client_models']' returned non-zero exit status 1.
2026-08-03 04:24:16,958 [INFO] client9 starting with weights: FL_YOLO26n_Project_Outputs_noniid_clean/global_model_checkpoints/global_model_r5.pt
2026-08-03 04:24:20,338 [ERROR] Training failed for client client9: Command '['python', '/media/data3/home/truongduy/FL-YOLOv8-Object-Detection/FL_WithSequentialTraining/train_client.py', '--data', '/media/data3/home/truongduy/FL-YOLOv8-Object-Detection/Data/Dataset/KITTI_10clients_noniid/client9/data.yaml', '--save', 'client9_round6', '--epochs', '5', '--weights', 'FL_YOLO26n_Project_Outputs_noniid_clean/global_model_checkpoints/global_model_r5.pt', '--device', 'cuda', '--workers', '6', '--output_dir', 'FL_YOLO26n_Project_Outputs_noniid_clean/client_models']' returned non-zero exit status 1.
2026-08-03 04:24:20,338 [INFO] client6 starting with weights: FL_YOLO26n_Project_Outputs_noniid_clean/global_model_checkpoints/global_model_r5.pt
2026-08-03 04:24:23,499 [ERROR] Training failed for client client6: Command '['python', '/media/data3/home/truongduy/FL-YOLOv8-Object-Detection/FL_WithSequentialTraining/train_client.py', '--data', '/media/data3/home/truongduy/FL-YOLOv8-Object-Detection/Data/Dataset/KITTI_10clients_noniid/client6/data.yaml', '--save', 'client6_round6', '--epochs', '5', '--weights', 'FL_YOLO26n_Project_Outputs_noniid_clean/global_model_checkpoints/global_model_r5.pt', '--device', 'cuda', '--workers', '6', '--output_dir', 'FL_YOLO26n_Project_Outputs_noniid_clean/client_models']' returned non-zero exit status 1.
2026-08-03 04:24:23,499 [INFO] client4 starting with weights: FL_YOLO26n_Project_Outputs_noniid_clean/global_model_checkpoints/global_model_r5.pt
2026-08-03 04:24:28,080 [ERROR] Training failed for client client4: Command '['python', '/media/data3/home/truongduy/FL-YOLOv8-Object-Detection/FL_WithSequentialTraining/train_client.py', '--data', '/media/data3/home/truongduy/FL-YOLOv8-Object-Detection/Data/Dataset/KITTI_10clients_noniid/client4/data.yaml', '--save', 'client4_round6', '--epochs', '5', '--weights', 'FL_YOLO26n_Project_Outputs_noniid_clean/global_model_checkpoints/global_model_r5.pt', '--device', 'cuda', '--workers', '6', '--output_dir', 'FL_YOLO26n_Project_Outputs_noniid_clean/client_models']' returned non-zero exit status 1.
2026-08-03 04:24:28,080 [INFO] client1 starting with weights: FL_YOLO26n_Project_Outputs_noniid_clean/global_model_checkpoints/global_model_r5.pt
2026-08-03 04:24:32,290 [ERROR] Training failed for client client1: Command '['python', '/media/data3/home/truongduy/FL-YOLOv8-Object-Detection/FL_WithSequentialTraining/train_client.py', '--data', '/media/data3/home/truongduy/FL-YOLOv8-Object-Detection/Data/Dataset/KITTI_10clients_noniid/client1/data.yaml', '--save', 'client1_round6', '--epochs', '5', '--weights', 'FL_YOLO26n_Project_Outputs_noniid_clean/global_model_checkpoints/global_model_r5.pt', '--device', 'cuda', '--workers', '6', '--output_dir', 'FL_YOLO26n_Project_Outputs_noniid_clean/client_models']' returned non-zero exit status 1.
2026-08-03 04:24:32,290 [WARNING] No client weights to aggregate for round 6. Skipping aggregation.
2026-08-03 04:24:32,290 [INFO] ✅ Completed Round 6

2026-08-03 04:24:32,290 [INFO] ===== Federated Learning Round 7/25 =====
2026-08-03 04:24:32,290 [INFO] === Training Round 7 ===
2026-08-03 04:24:32,291 [INFO] [Oort] Round 7 selected: [1, 4, 7, 9, 3]
2026-08-03 04:24:32,291 [INFO] client2 starting with weights: FL_YOLO26n_Project_Outputs_noniid_clean/global_model_checkpoints/global_model_r6.pt
2026-08-03 04:24:36,653 [ERROR] Training failed for client client2: Command '['python', '/media/data3/home/truongduy/FL-YOLOv8-Object-Detection/FL_WithSequentialTraining/train_client.py', '--data', '/media/data3/home/truongduy/FL-YOLOv8-Object-Detection/Data/Dataset/KITTI_10clients_noniid/client2/data.yaml', '--save', 'client2_round7', '--epochs', '5', '--weights', 'FL_YOLO26n_Project_Outputs_noniid_clean/global_model_checkpoints/global_model_r6.pt', '--device', 'cuda', '--workers', '6', '--output_dir', 'FL_YOLO26n_Project_Outputs_noniid_clean/client_models']' returned non-zero exit status 1.
2026-08-03 04:24:36,653 [INFO] client5 starting with weights: FL_YOLO26n_Project_Outputs_noniid_clean/global_model_checkpoints/global_model_r6.pt
2026-08-03 04:24:40,505 [ERROR] Training failed for client client5: Command '['python', '/media/data3/home/truongduy/FL-YOLOv8-Object-Detection/FL_WithSequentialTraining/train_client.py', '--data', '/media/data3/home/truongduy/FL-YOLOv8-Object-Detection/Data/Dataset/KITTI_10clients_noniid/client5/data.yaml', '--save', 'client5_round7', '--epochs', '5', '--weights', 'FL_YOLO26n_Project_Outputs_noniid_clean/global_model_checkpoints/global_model_r6.pt', '--device', 'cuda', '--workers', '6', '--output_dir', 'FL_YOLO26n_Project_Outputs_noniid_clean/client_models']' returned non-zero exit status 1.
2026-08-03 04:24:40,505 [INFO] client8 starting with weights: FL_YOLO26n_Project_Outputs_noniid_clean/global_model_checkpoints/global_model_r6.pt
2026-08-03 04:24:44,535 [ERROR] Training failed for client client8: Command '['python', '/media/data3/home/truongduy/FL-YOLOv8-Object-Detection/FL_WithSequentialTraining/train_client.py', '--data', '/media/data3/home/truongduy/FL-YOLOv8-Object-Detection/Data/Dataset/KITTI_10clients_noniid/client8/data.yaml', '--save', 'client8_round7', '--epochs', '5', '--weights', 'FL_YOLO26n_Project_Outputs_noniid_clean/global_model_checkpoints/global_model_r6.pt', '--device', 'cuda', '--workers', '6', '--output_dir', 'FL_YOLO26n_Project_Outputs_noniid_clean/client_models']' returned non-zero exit status 1.
2026-08-03 04:24:44,535 [INFO] client10 starting with weights: FL_YOLO26n_Project_Outputs_noniid_clean/global_model_checkpoints/global_model_r6.pt
2026-08-03 04:24:48,757 [ERROR] Training failed for client client10: Command '['python', '/media/data3/home/truongduy/FL-YOLOv8-Object-Detection/FL_WithSequentialTraining/train_client.py', '--data', '/media/data3/home/truongduy/FL-YOLOv8-Object-Detection/Data/Dataset/KITTI_10clients_noniid/client10/data.yaml', '--save', 'client10_round7', '--epochs', '5', '--weights', 'FL_YOLO26n_Project_Outputs_noniid_clean/global_model_checkpoints/global_model_r6.pt', '--device', 'cuda', '--workers', '6', '--output_dir', 'FL_YOLO26n_Project_Outputs_noniid_clean/client_models']' returned non-zero exit status 1.
2026-08-03 04:24:48,758 [INFO] client4 starting with weights: FL_YOLO26n_Project_Outputs_noniid_clean/global_model_checkpoints/global_model_r6.pt
2026-08-03 04:24:53,693 [ERROR] Training failed for client client4: Command '['python', '/media/data3/home/truongduy/FL-YOLOv8-Object-Detection/FL_WithSequentialTraining/train_client.py', '--data', '/media/data3/home/truongduy/FL-YOLOv8-Object-Detection/Data/Dataset/KITTI_10clients_noniid/client4/data.yaml', '--save', 'client4_round7', '--epochs', '5', '--weights', 'FL_YOLO26n_Project_Outputs_noniid_clean/global_model_checkpoints/global_model_r6.pt', '--device', 'cuda', '--workers', '6', '--output_dir', 'FL_YOLO26n_Project_Outputs_noniid_clean/client_models']' returned non-zero exit status 1.
2026-08-03 04:24:53,694 [WARNING] No client weights to aggregate for round 7. Skipping aggregation.
2026-08-03 04:24:53,694 [INFO] ✅ Completed Round 7

2026-08-03 04:24:53,694 [INFO] ===== Federated Learning Round 8/25 =====
2026-08-03 04:24:53,694 [INFO] === Training Round 8 ===
2026-08-03 04:24:53,695 [INFO] [Oort] Round 8 selected: [3, 8, 9, 0, 7]
2026-08-03 04:24:53,695 [INFO] client4 starting with weights: FL_YOLO26n_Project_Outputs_noniid_clean/global_model_checkpoints/global_model_r7.pt
2026-08-03 04:24:58,472 [ERROR] Training failed for client client4: Command '['python', '/media/data3/home/truongduy/FL-YOLOv8-Object-Detection/FL_WithSequentialTraining/train_client.py', '--data', '/media/data3/home/truongduy/FL-YOLOv8-Object-Detection/Data/Dataset/KITTI_10clients_noniid/client4/data.yaml', '--save', 'client4_round8', '--epochs', '5', '--weights', 'FL_YOLO26n_Project_Outputs_noniid_clean/global_model_checkpoints/global_model_r7.pt', '--device', 'cuda', '--workers', '6', '--output_dir', 'FL_YOLO26n_Project_Outputs_noniid_clean/client_models']' returned non-zero exit status 1.
2026-08-03 04:24:58,472 [INFO] client9 starting with weights: FL_YOLO26n_Project_Outputs_noniid_clean/global_model_checkpoints/global_model_r7.pt
2026-08-03 04:25:02,995 [ERROR] Training failed for client client9: Command '['python', '/media/data3/home/truongduy/FL-YOLOv8-Object-Detection/FL_WithSequentialTraining/train_client.py', '--data', '/media/data3/home/truongduy/FL-YOLOv8-Object-Detection/Data/Dataset/KITTI_10clients_noniid/client9/data.yaml', '--save', 'client9_round8', '--epochs', '5', '--weights', 'FL_YOLO26n_Project_Outputs_noniid_clean/global_model_checkpoints/global_model_r7.pt', '--device', 'cuda', '--workers', '6', '--output_dir', 'FL_YOLO26n_Project_Outputs_noniid_clean/client_models']' returned non-zero exit status 1.
2026-08-03 04:25:02,995 [INFO] client10 starting with weights: FL_YOLO26n_Project_Outputs_noniid_clean/global_model_checkpoints/global_model_r7.pt
2026-08-03 04:25:07,516 [ERROR] Training failed for client client10: Command '['python', '/media/data3/home/truongduy/FL-YOLOv8-Object-Detection/FL_WithSequentialTraining/train_client.py', '--data', '/media/data3/home/truongduy/FL-YOLOv8-Object-Detection/Data/Dataset/KITTI_10clients_noniid/client10/data.yaml', '--save', 'client10_round8', '--epochs', '5', '--weights', 'FL_YOLO26n_Project_Outputs_noniid_clean/global_model_checkpoints/global_model_r7.pt', '--device', 'cuda', '--workers', '6', '--output_dir', 'FL_YOLO26n_Project_Outputs_noniid_clean/client_models']' returned non-zero exit status 1.
2026-08-03 04:25:07,516 [INFO] client1 starting with weights: FL_YOLO26n_Project_Outputs_noniid_clean/global_model_checkpoints/global_model_r7.pt
2026-08-03 04:25:13,412 [ERROR] Training failed for client client1: Command '['python', '/media/data3/home/truongduy/FL-YOLOv8-Object-Detection/FL_WithSequentialTraining/train_client.py', '--data', '/media/data3/home/truongduy/FL-YOLOv8-Object-Detection/Data/Dataset/KITTI_10clients_noniid/client1/data.yaml', '--save', 'client1_round8', '--epochs', '5', '--weights', 'FL_YOLO26n_Project_Outputs_noniid_clean/global_model_checkpoints/global_model_r7.pt', '--device', 'cuda', '--workers', '6', '--output_dir', 'FL_YOLO26n_Project_Outputs_noniid_clean/client_models']' returned non-zero exit status 1.
2026-08-03 04:25:13,413 [INFO] client8 starting with weights: FL_YOLO26n_Project_Outputs_noniid_clean/global_model_checkpoints/global_model_r7.pt
2026-08-03 04:25:24,542 [ERROR] Training failed for client client8: Command '['python', '/media/data3/home/truongduy/FL-YOLOv8-Object-Detection/FL_WithSequentialTraining/train_client.py', '--data', '/media/data3/home/truongduy/FL-YOLOv8-Object-Detection/Data/Dataset/KITTI_10clients_noniid/client8/data.yaml', '--save', 'client8_round8', '--epochs', '5', '--weights', 'FL_YOLO26n_Project_Outputs_noniid_clean/global_model_checkpoints/global_model_r7.pt', '--device', 'cuda', '--workers', '6', '--output_dir', 'FL_YOLO26n_Project_Outputs_noniid_clean/client_models']' returned non-zero exit status 1.
2026-08-03 04:25:24,542 [WARNING] No client weights to aggregate for round 8. Skipping aggregation.
2026-08-03 04:25:24,542 [INFO] ✅ Completed Round 8

2026-08-03 04:25:24,542 [INFO] ===== Federated Learning Round 9/25 =====
2026-08-03 04:25:24,542 [INFO] === Training Round 9 ===
2026-08-03 04:25:24,543 [INFO] [Oort] Round 9 selected: [7, 5, 8, 9, 4]
2026-08-03 04:25:24,543 [INFO] client8 starting with weights: FL_YOLO26n_Project_Outputs_noniid_clean/global_model_checkpoints/global_model_r8.pt
2026-08-03 04:25:48,708 [ERROR] Training failed for client client8: Command '['python', '/media/data3/home/truongduy/FL-YOLOv8-Object-Detection/FL_WithSequentialTraining/train_client.py', '--data', '/media/data3/home/truongduy/FL-YOLOv8-Object-Detection/Data/Dataset/KITTI_10clients_noniid/client8/data.yaml', '--save', 'client8_round9', '--epochs', '5', '--weights', 'FL_YOLO26n_Project_Outputs_noniid_clean/global_model_checkpoints/global_model_r8.pt', '--device', 'cuda', '--workers', '6', '--output_dir', 'FL_YOLO26n_Project_Outputs_noniid_clean/client_models']' returned non-zero exit status 1.
2026-08-03 04:25:48,778 [INFO] client6 starting with weights: FL_YOLO26n_Project_Outputs_noniid_clean/global_model_checkpoints/global_model_r8.pt
2026-08-03 04:25:56,406 [ERROR] Training failed for client client6: Command '['python', '/media/data3/home/truongduy/FL-YOLOv8-Object-Detection/FL_WithSequentialTraining/train_client.py', '--data', '/media/data3/home/truongduy/FL-YOLOv8-Object-Detection/Data/Dataset/KITTI_10clients_noniid/client6/data.yaml', '--save', 'client6_round9', '--epochs', '5', '--weights', 'FL_YOLO26n_Project_Outputs_noniid_clean/global_model_checkpoints/global_model_r8.pt', '--device', 'cuda', '--workers', '6', '--output_dir', 'FL_YOLO26n_Project_Outputs_noniid_clean/client_models']' returned non-zero exit status 1.
2026-08-03 04:25:56,406 [INFO] client9 starting with weights: FL_YOLO26n_Project_Outputs_noniid_clean/global_model_checkpoints/global_model_r8.pt
2026-08-03 04:26:00,494 [ERROR] Training failed for client client9: Command '['python', '/media/data3/home/truongduy/FL-YOLOv8-Object-Detection/FL_WithSequentialTraining/train_client.py', '--data', '/media/data3/home/truongduy/FL-YOLOv8-Object-Detection/Data/Dataset/KITTI_10clients_noniid/client9/data.yaml', '--save', 'client9_round9', '--epochs', '5', '--weights', 'FL_YOLO26n_Project_Outputs_noniid_clean/global_model_checkpoints/global_model_r8.pt', '--device', 'cuda', '--workers', '6', '--output_dir', 'FL_YOLO26n_Project_Outputs_noniid_clean/client_models']' returned non-zero exit status 1.
2026-08-03 04:26:00,494 [INFO] client10 starting with weights: FL_YOLO26n_Project_Outputs_noniid_clean/global_model_checkpoints/global_model_r8.pt
2026-08-03 04:26:04,640 [ERROR] Training failed for client client10: Command '['python', '/media/data3/home/truongduy/FL-YOLOv8-Object-Detection/FL_WithSequentialTraining/train_client.py', '--data', '/media/data3/home/truongduy/FL-YOLOv8-Object-Detection/Data/Dataset/KITTI_10clients_noniid/client10/data.yaml', '--save', 'client10_round9', '--epochs', '5', '--weights', 'FL_YOLO26n_Project_Outputs_noniid_clean/global_model_checkpoints/global_model_r8.pt', '--device', 'cuda', '--workers', '6', '--output_dir', 'FL_YOLO26n_Project_Outputs_noniid_clean/client_models']' returned non-zero exit status 1.
2026-08-03 04:26:04,640 [INFO] client5 starting with weights: FL_YOLO26n_Project_Outputs_noniid_clean/global_model_checkpoints/global_model_r8.pt
2026-08-03 04:26:08,872 [ERROR] Training failed for client client5: Command '['python', '/media/data3/home/truongduy/FL-YOLOv8-Object-Detection/FL_WithSequentialTraining/train_client.py', '--data', '/media/data3/home/truongduy/FL-YOLOv8-Object-Detection/Data/Dataset/KITTI_10clients_noniid/client5/data.yaml', '--save', 'client5_round9', '--epochs', '5', '--weights', 'FL_YOLO26n_Project_Outputs_noniid_clean/global_model_checkpoints/global_model_r8.pt', '--device', 'cuda', '--workers', '6', '--output_dir', 'FL_YOLO26n_Project_Outputs_noniid_clean/client_models']' returned non-zero exit status 1.
2026-08-03 04:26:08,872 [WARNING] No client weights to aggregate for round 9. Skipping aggregation.
2026-08-03 04:26:08,872 [INFO] ✅ Completed Round 9

2026-08-03 04:26:08,872 [INFO] ===== Federated Learning Round 10/25 =====
2026-08-03 04:26:08,872 [INFO] === Training Round 10 ===
2026-08-03 04:26:09,270 [INFO] [Oort] Round 10 selected: [2, 5, 0, 4, 8]
2026-08-03 04:26:09,270 [INFO] client3 starting with weights: FL_YOLO26n_Project_Outputs_noniid_clean/global_model_checkpoints/global_model_r9.pt
2026-08-03 04:26:15,711 [ERROR] Training failed for client client3: Command '['python', '/media/data3/home/truongduy/FL-YOLOv8-Object-Detection/FL_WithSequentialTraining/train_client.py', '--data', '/media/data3/home/truongduy/FL-YOLOv8-Object-Detection/Data/Dataset/KITTI_10clients_noniid/client3/data.yaml', '--save', 'client3_round10', '--epochs', '5', '--weights', 'FL_YOLO26n_Project_Outputs_noniid_clean/global_model_checkpoints/global_model_r9.pt', '--device', 'cuda', '--workers', '6', '--output_dir', 'FL_YOLO26n_Project_Outputs_noniid_clean/client_models']' returned non-zero exit status 1.
2026-08-03 04:26:15,711 [INFO] client6 starting with weights: FL_YOLO26n_Project_Outputs_noniid_clean/global_model_checkpoints/global_model_r9.pt
2026-08-03 04:26:20,632 [ERROR] Training failed for client client6: Command '['python', '/media/data3/home/truongduy/FL-YOLOv8-Object-Detection/FL_WithSequentialTraining/train_client.py', '--data', '/media/data3/home/truongduy/FL-YOLOv8-Object-Detection/Data/Dataset/KITTI_10clients_noniid/client6/data.yaml', '--save', 'client6_round10', '--epochs', '5', '--weights', 'FL_YOLO26n_Project_Outputs_noniid_clean/global_model_checkpoints/global_model_r9.pt', '--device', 'cuda', '--workers', '6', '--output_dir', 'FL_YOLO26n_Project_Outputs_noniid_clean/client_models']' returned non-zero exit status 1.
2026-08-03 04:26:20,633 [INFO] client1 starting with weights: FL_YOLO26n_Project_Outputs_noniid_clean/global_model_checkpoints/global_model_r9.pt
2026-08-03 04:26:25,603 [ERROR] Training failed for client client1: Command '['python', '/media/data3/home/truongduy/FL-YOLOv8-Object-Detection/FL_WithSequentialTraining/train_client.py', '--data', '/media/data3/home/truongduy/FL-YOLOv8-Object-Detection/Data/Dataset/KITTI_10clients_noniid/client1/data.yaml', '--save', 'client1_round10', '--epochs', '5', '--weights', 'FL_YOLO26n_Project_Outputs_noniid_clean/global_model_checkpoints/global_model_r9.pt', '--device', 'cuda', '--workers', '6', '--output_dir', 'FL_YOLO26n_Project_Outputs_noniid_clean/client_models']' returned non-zero exit status 1.
2026-08-03 04:26:25,604 [INFO] client5 starting with weights: FL_YOLO26n_Project_Outputs_noniid_clean/global_model_checkpoints/global_model_r9.pt
2026-08-03 04:26:30,598 [ERROR] Training failed for client client5: Command '['python', '/media/data3/home/truongduy/FL-YOLOv8-Object-Detection/FL_WithSequentialTraining/train_client.py', '--data', '/media/data3/home/truongduy/FL-YOLOv8-Object-Detection/Data/Dataset/KITTI_10clients_noniid/client5/data.yaml', '--save', 'client5_round10', '--epochs', '5', '--weights', 'FL_YOLO26n_Project_Outputs_noniid_clean/global_model_checkpoints/global_model_r9.pt', '--device', 'cuda', '--workers', '6', '--output_dir', 'FL_YOLO26n_Project_Outputs_noniid_clean/client_models']' returned non-zero exit status 1.
2026-08-03 04:26:30,598 [INFO] client9 starting with weights: FL_YOLO26n_Project_Outputs_noniid_clean/global_model_checkpoints/global_model_r9.pt
2026-08-03 04:26:34,699 [ERROR] Training failed for client client9: Command '['python', '/media/data3/home/truongduy/FL-YOLOv8-Object-Detection/FL_WithSequentialTraining/train_client.py', '--data', '/media/data3/home/truongduy/FL-YOLOv8-Object-Detection/Data/Dataset/KITTI_10clients_noniid/client9/data.yaml', '--save', 'client9_round10', '--epochs', '5', '--weights', 'FL_YOLO26n_Project_Outputs_noniid_clean/global_model_checkpoints/global_model_r9.pt', '--device', 'cuda', '--workers', '6', '--output_dir', 'FL_YOLO26n_Project_Outputs_noniid_clean/client_models']' returned non-zero exit status 1.
2026-08-03 04:26:34,699 [WARNING] No client weights to aggregate for round 10. Skipping aggregation.
2026-08-03 04:26:34,700 [INFO] ✅ Completed Round 10

2026-08-03 04:26:34,700 [INFO] ===== Federated Learning Round 11/25 =====
2026-08-03 04:26:34,700 [INFO] === Training Round 11 ===
2026-08-03 04:26:34,702 [INFO] [Oort] Round 11 selected: [7, 4, 1, 0, 5]
2026-08-03 04:26:34,702 [INFO] client8 starting with weights: FL_YOLO26n_Project_Outputs_noniid_clean/global_model_checkpoints/global_model_r10.pt
2026-08-03 04:26:39,139 [ERROR] Training failed for client client8: Command '['python', '/media/data3/home/truongduy/FL-YOLOv8-Object-Detection/FL_WithSequentialTraining/train_client.py', '--data', '/media/data3/home/truongduy/FL-YOLOv8-Object-Detection/Data/Dataset/KITTI_10clients_noniid/client8/data.yaml', '--save', 'client8_round11', '--epochs', '5', '--weights', 'FL_YOLO26n_Project_Outputs_noniid_clean/global_model_checkpoints/global_model_r10.pt', '--device', 'cuda', '--workers', '6', '--output_dir', 'FL_YOLO26n_Project_Outputs_noniid_clean/client_models']' returned non-zero exit status 1.
2026-08-03 04:26:39,139 [INFO] client5 starting with weights: FL_YOLO26n_Project_Outputs_noniid_clean/global_model_checkpoints/global_model_r10.pt
2026-08-03 04:26:43,697 [ERROR] Training failed for client client5: Command '['python', '/media/data3/home/truongduy/FL-YOLOv8-Object-Detection/FL_WithSequentialTraining/train_client.py', '--data', '/media/data3/home/truongduy/FL-YOLOv8-Object-Detection/Data/Dataset/KITTI_10clients_noniid/client5/data.yaml', '--save', 'client5_round11', '--epochs', '5', '--weights', 'FL_YOLO26n_Project_Outputs_noniid_clean/global_model_checkpoints/global_model_r10.pt', '--device', 'cuda', '--workers', '6', '--output_dir', 'FL_YOLO26n_Project_Outputs_noniid_clean/client_models']' returned non-zero exit status 1.
2026-08-03 04:26:43,697 [INFO] client2 starting with weights: FL_YOLO26n_Project_Outputs_noniid_clean/global_model_checkpoints/global_model_r10.pt
2026-08-03 04:26:48,027 [ERROR] Training failed for client client2: Command '['python', '/media/data3/home/truongduy/FL-YOLOv8-Object-Detection/FL_WithSequentialTraining/train_client.py', '--data', '/media/data3/home/truongduy/FL-YOLOv8-Object-Detection/Data/Dataset/KITTI_10clients_noniid/client2/data.yaml', '--save', 'client2_round11', '--epochs', '5', '--weights', 'FL_YOLO26n_Project_Outputs_noniid_clean/global_model_checkpoints/global_model_r10.pt', '--device', 'cuda', '--workers', '6', '--output_dir', 'FL_YOLO26n_Project_Outputs_noniid_clean/client_models']' returned non-zero exit status 1.
2026-08-03 04:26:48,028 [INFO] client1 starting with weights: FL_YOLO26n_Project_Outputs_noniid_clean/global_model_checkpoints/global_model_r10.pt
2026-08-03 04:26:54,118 [ERROR] Training failed for client client1: Command '['python', '/media/data3/home/truongduy/FL-YOLOv8-Object-Detection/FL_WithSequentialTraining/train_client.py', '--data', '/media/data3/home/truongduy/FL-YOLOv8-Object-Detection/Data/Dataset/KITTI_10clients_noniid/client1/data.yaml', '--save', 'client1_round11', '--epochs', '5', '--weights', 'FL_YOLO26n_Project_Outputs_noniid_clean/global_model_checkpoints/global_model_r10.pt', '--device', 'cuda', '--workers', '6', '--output_dir', 'FL_YOLO26n_Project_Outputs_noniid_clean/client_models']' returned non-zero exit status 1.
2026-08-03 04:26:54,118 [INFO] client6 starting with weights: FL_YOLO26n_Project_Outputs_noniid_clean/global_model_checkpoints/global_model_r10.pt
2026-08-03 04:26:58,588 [ERROR] Training failed for client client6: Command '['python', '/media/data3/home/truongduy/FL-YOLOv8-Object-Detection/FL_WithSequentialTraining/train_client.py', '--data', '/media/data3/home/truongduy/FL-YOLOv8-Object-Detection/Data/Dataset/KITTI_10clients_noniid/client6/data.yaml', '--save', 'client6_round11', '--epochs', '5', '--weights', 'FL_YOLO26n_Project_Outputs_noniid_clean/global_model_checkpoints/global_model_r10.pt', '--device', 'cuda', '--workers', '6', '--output_dir', 'FL_YOLO26n_Project_Outputs_noniid_clean/client_models']' returned non-zero exit status 1.
2026-08-03 04:26:58,589 [WARNING] No client weights to aggregate for round 11. Skipping aggregation.
2026-08-03 04:26:58,589 [INFO] ✅ Completed Round 11

2026-08-03 04:26:58,589 [INFO] ===== Federated Learning Round 12/25 =====
2026-08-03 04:26:58,589 [INFO] === Training Round 12 ===
2026-08-03 04:26:58,593 [INFO] [Oort] Round 12 selected: [5, 2, 6, 3, 7]
2026-08-03 04:26:58,593 [INFO] client6 starting with weights: FL_YOLO26n_Project_Outputs_noniid_clean/global_model_checkpoints/global_model_r11.pt
2026-08-03 04:27:02,867 [ERROR] Training failed for client client6: Command '['python', '/media/data3/home/truongduy/FL-YOLOv8-Object-Detection/FL_WithSequentialTraining/train_client.py', '--data', '/media/data3/home/truongduy/FL-YOLOv8-Object-Detection/Data/Dataset/KITTI_10clients_noniid/client6/data.yaml', '--save', 'client6_round12', '--epochs', '5', '--weights', 'FL_YOLO26n_Project_Outputs_noniid_clean/global_model_checkpoints/global_model_r11.pt', '--device', 'cuda', '--workers', '6', '--output_dir', 'FL_YOLO26n_Project_Outputs_noniid_clean/client_models']' returned non-zero exit status 1.
2026-08-03 04:27:02,867 [INFO] client3 starting with weights: FL_YOLO26n_Project_Outputs_noniid_clean/global_model_checkpoints/global_model_r11.pt
2026-08-03 04:27:07,429 [ERROR] Training failed for client client3: Command '['python', '/media/data3/home/truongduy/FL-YOLOv8-Object-Detection/FL_WithSequentialTraining/train_client.py', '--data', '/media/data3/home/truongduy/FL-YOLOv8-Object-Detection/Data/Dataset/KITTI_10clients_noniid/client3/data.yaml', '--save', 'client3_round12', '--epochs', '5', '--weights', 'FL_YOLO26n_Project_Outputs_noniid_clean/global_model_checkpoints/global_model_r11.pt', '--device', 'cuda', '--workers', '6', '--output_dir', 'FL_YOLO26n_Project_Outputs_noniid_clean/client_models']' returned non-zero exit status 1.
2026-08-03 04:27:07,429 [INFO] client7 starting with weights: FL_YOLO26n_Project_Outputs_noniid_clean/global_model_checkpoints/global_model_r11.pt
2026-08-03 04:27:13,510 [ERROR] Training failed for client client7: Command '['python', '/media/data3/home/truongduy/FL-YOLOv8-Object-Detection/FL_WithSequentialTraining/train_client.py', '--data', '/media/data3/home/truongduy/FL-YOLOv8-Object-Detection/Data/Dataset/KITTI_10clients_noniid/client7/data.yaml', '--save', 'client7_round12', '--epochs', '5', '--weights', 'FL_YOLO26n_Project_Outputs_noniid_clean/global_model_checkpoints/global_model_r11.pt', '--device', 'cuda', '--workers', '6', '--output_dir', 'FL_YOLO26n_Project_Outputs_noniid_clean/client_models']' returned non-zero exit status 1.
2026-08-03 04:27:13,510 [INFO] client4 starting with weights: FL_YOLO26n_Project_Outputs_noniid_clean/global_model_checkpoints/global_model_r11.pt
2026-08-03 04:27:17,670 [ERROR] Training failed for client client4: Command '['python', '/media/data3/home/truongduy/FL-YOLOv8-Object-Detection/FL_WithSequentialTraining/train_client.py', '--data', '/media/data3/home/truongduy/FL-YOLOv8-Object-Detection/Data/Dataset/KITTI_10clients_noniid/client4/data.yaml', '--save', 'client4_round12', '--epochs', '5', '--weights', 'FL_YOLO26n_Project_Outputs_noniid_clean/global_model_checkpoints/global_model_r11.pt', '--device', 'cuda', '--workers', '6', '--output_dir', 'FL_YOLO26n_Project_Outputs_noniid_clean/client_models']' returned non-zero exit status 1.
2026-08-03 04:27:17,670 [INFO] client8 starting with weights: FL_YOLO26n_Project_Outputs_noniid_clean/global_model_checkpoints/global_model_r11.pt
2026-08-03 04:27:22,177 [ERROR] Training failed for client client8: Command '['python', '/media/data3/home/truongduy/FL-YOLOv8-Object-Detection/FL_WithSequentialTraining/train_client.py', '--data', '/media/data3/home/truongduy/FL-YOLOv8-Object-Detection/Data/Dataset/KITTI_10clients_noniid/client8/data.yaml', '--save', 'client8_round12', '--epochs', '5', '--weights', 'FL_YOLO26n_Project_Outputs_noniid_clean/global_model_checkpoints/global_model_r11.pt', '--device', 'cuda', '--workers', '6', '--output_dir', 'FL_YOLO26n_Project_Outputs_noniid_clean/client_models']' returned non-zero exit status 1.
2026-08-03 04:27:22,177 [WARNING] No client weights to aggregate for round 12. Skipping aggregation.
2026-08-03 04:27:22,177 [INFO] ✅ Completed Round 12

2026-08-03 04:27:22,177 [INFO] ===== Federated Learning Round 13/25 =====
2026-08-03 04:27:22,177 [INFO] === Training Round 13 ===
2026-08-03 04:27:22,178 [INFO] [Oort] Round 13 selected: [3, 5, 4, 1, 9]
2026-08-03 04:27:22,178 [INFO] client4 starting with weights: FL_YOLO26n_Project_Outputs_noniid_clean/global_model_checkpoints/global_model_r12.pt
2026-08-03 04:27:26,632 [ERROR] Training failed for client client4: Command '['python', '/media/data3/home/truongduy/FL-YOLOv8-Object-Detection/FL_WithSequentialTraining/train_client.py', '--data', '/media/data3/home/truongduy/FL-YOLOv8-Object-Detection/Data/Dataset/KITTI_10clients_noniid/client4/data.yaml', '--save', 'client4_round13', '--epochs', '5', '--weights', 'FL_YOLO26n_Project_Outputs_noniid_clean/global_model_checkpoints/global_model_r12.pt', '--device', 'cuda', '--workers', '6', '--output_dir', 'FL_YOLO26n_Project_Outputs_noniid_clean/client_models']' returned non-zero exit status 1.
2026-08-03 04:27:26,632 [INFO] client6 starting with weights: FL_YOLO26n_Project_Outputs_noniid_clean/global_model_checkpoints/global_model_r12.pt
2026-08-03 04:27:31,205 [ERROR] Training failed for client client6: Command '['python', '/media/data3/home/truongduy/FL-YOLOv8-Object-Detection/FL_WithSequentialTraining/train_client.py', '--data', '/media/data3/home/truongduy/FL-YOLOv8-Object-Detection/Data/Dataset/KITTI_10clients_noniid/client6/data.yaml', '--save', 'client6_round13', '--epochs', '5', '--weights', 'FL_YOLO26n_Project_Outputs_noniid_clean/global_model_checkpoints/global_model_r12.pt', '--device', 'cuda', '--workers', '6', '--output_dir', 'FL_YOLO26n_Project_Outputs_noniid_clean/client_models']' returned non-zero exit status 1.
2026-08-03 04:27:31,205 [INFO] client5 starting with weights: FL_YOLO26n_Project_Outputs_noniid_clean/global_model_checkpoints/global_model_r12.pt
2026-08-03 04:27:35,560 [ERROR] Training failed for client client5: Command '['python', '/media/data3/home/truongduy/FL-YOLOv8-Object-Detection/FL_WithSequentialTraining/train_client.py', '--data', '/media/data3/home/truongduy/FL-YOLOv8-Object-Detection/Data/Dataset/KITTI_10clients_noniid/client5/data.yaml', '--save', 'client5_round13', '--epochs', '5', '--weights', 'FL_YOLO26n_Project_Outputs_noniid_clean/global_model_checkpoints/global_model_r12.pt', '--device', 'cuda', '--workers', '6', '--output_dir', 'FL_YOLO26n_Project_Outputs_noniid_clean/client_models']' returned non-zero exit status 1.
2026-08-03 04:27:35,560 [INFO] client2 starting with weights: FL_YOLO26n_Project_Outputs_noniid_clean/global_model_checkpoints/global_model_r12.pt
2026-08-03 04:27:39,673 [ERROR] Training failed for client client2: Command '['python', '/media/data3/home/truongduy/FL-YOLOv8-Object-Detection/FL_WithSequentialTraining/train_client.py', '--data', '/media/data3/home/truongduy/FL-YOLOv8-Object-Detection/Data/Dataset/KITTI_10clients_noniid/client2/data.yaml', '--save', 'client2_round13', '--epochs', '5', '--weights', 'FL_YOLO26n_Project_Outputs_noniid_clean/global_model_checkpoints/global_model_r12.pt', '--device', 'cuda', '--workers', '6', '--output_dir', 'FL_YOLO26n_Project_Outputs_noniid_clean/client_models']' returned non-zero exit status 1.
2026-08-03 04:27:39,673 [INFO] client10 starting with weights: FL_YOLO26n_Project_Outputs_noniid_clean/global_model_checkpoints/global_model_r12.pt
2026-08-03 04:27:44,006 [ERROR] Training failed for client client10: Command '['python', '/media/data3/home/truongduy/FL-YOLOv8-Object-Detection/FL_WithSequentialTraining/train_client.py', '--data', '/media/data3/home/truongduy/FL-YOLOv8-Object-Detection/Data/Dataset/KITTI_10clients_noniid/client10/data.yaml', '--save', 'client10_round13', '--epochs', '5', '--weights', 'FL_YOLO26n_Project_Outputs_noniid_clean/global_model_checkpoints/global_model_r12.pt', '--device', 'cuda', '--workers', '6', '--output_dir', 'FL_YOLO26n_Project_Outputs_noniid_clean/client_models']' returned non-zero exit status 1.
2026-08-03 04:27:44,006 [WARNING] No client weights to aggregate for round 13. Skipping aggregation.
2026-08-03 04:27:44,007 [INFO] ✅ Completed Round 13

2026-08-03 04:27:44,007 [INFO] ===== Federated Learning Round 14/25 =====
2026-08-03 04:27:44,007 [INFO] === Training Round 14 ===
2026-08-03 04:27:45,547 [INFO] [Oort] Round 14 selected: [6, 5, 8, 1, 0]
2026-08-03 04:27:45,548 [INFO] client7 starting with weights: FL_YOLO26n_Project_Outputs_noniid_clean/global_model_checkpoints/global_model_r13.pt
2026-08-03 04:28:34,374 [ERROR] Training failed for client client7: Command '['python', '/media/data3/home/truongduy/FL-YOLOv8-Object-Detection/FL_WithSequentialTraining/train_client.py', '--data', '/media/data3/home/truongduy/FL-YOLOv8-Object-Detection/Data/Dataset/KITTI_10clients_noniid/client7/data.yaml', '--save', 'client7_round14', '--epochs', '5', '--weights', 'FL_YOLO26n_Project_Outputs_noniid_clean/global_model_checkpoints/global_model_r13.pt', '--device', 'cuda', '--workers', '6', '--output_dir', 'FL_YOLO26n_Project_Outputs_noniid_clean/client_models']' returned non-zero exit status 1.
2026-08-03 04:28:34,374 [INFO] client6 starting with weights: FL_YOLO26n_Project_Outputs_noniid_clean/global_model_checkpoints/global_model_r13.pt
2026-08-03 09:15:35,552 [INFO] ===== Federated Learning Round 1/25 =====
2026-08-03 09:15:35,590 [INFO] === Training Round 1 ===
2026-08-03 09:15:35,590 [INFO] [Warmup] Round 1: training ALL 10 clients
2026-08-03 09:15:35,590 [INFO] client1 starting with weights: FL_YOLO26n_Project_Outputs_noniid_clean/global_model_checkpoints/global_model_r0.pt
2026-08-03 09:15:47,943 [ERROR] Training failed for client client1: Command '['python', '/media/data3/home/truongduy/FL-YOLOv8-Object-Detection/FL_WithSequentialTraining/train_client.py', '--data', '/media/data3/home/truongduy/FL-YOLOv8-Object-Detection/Data/Dataset/KITTI_10clients_noniid/client1/data.yaml', '--save', 'client1_round1', '--epochs', '5', '--weights', 'FL_YOLO26n_Project_Outputs_noniid_clean/global_model_checkpoints/global_model_r0.pt', '--device', 'cuda', '--workers', '6', '--output_dir', 'FL_YOLO26n_Project_Outputs_noniid_clean/client_models']' died with <Signals.SIGILL: 4>.
2026-08-03 09:15:47,943 [INFO] client2 starting with weights: FL_YOLO26n_Project_Outputs_noniid_clean/global_model_checkpoints/global_model_r0.pt
2026-08-03 09:16:55,521 [ERROR] Training failed for client client2: Command '['python', '/media/data3/home/truongduy/FL-YOLOv8-Object-Detection/FL_WithSequentialTraining/train_client.py', '--data', '/media/data3/home/truongduy/FL-YOLOv8-Object-Detection/Data/Dataset/KITTI_10clients_noniid/client2/data.yaml', '--save', 'client2_round1', '--epochs', '5', '--weights', 'FL_YOLO26n_Project_Outputs_noniid_clean/global_model_checkpoints/global_model_r0.pt', '--device', 'cuda', '--workers', '6', '--output_dir', 'FL_YOLO26n_Project_Outputs_noniid_clean/client_models']' died with <Signals.SIGILL: 4>.
2026-08-03 09:16:55,566 [INFO] client3 starting with weights: FL_YOLO26n_Project_Outputs_noniid_clean/global_model_checkpoints/global_model_r0.pt
2026-08-03 09:18:07,162 [ERROR] Training failed for client client3: Command '['python', '/media/data3/home/truongduy/FL-YOLOv8-Object-Detection/FL_WithSequentialTraining/train_client.py', '--data', '/media/data3/home/truongduy/FL-YOLOv8-Object-Detection/Data/Dataset/KITTI_10clients_noniid/client3/data.yaml', '--save', 'client3_round1', '--epochs', '5', '--weights', 'FL_YOLO26n_Project_Outputs_noniid_clean/global_model_checkpoints/global_model_r0.pt', '--device', 'cuda', '--workers', '6', '--output_dir', 'FL_YOLO26n_Project_Outputs_noniid_clean/client_models']' died with <Signals.SIGILL: 4>.
2026-08-03 09:18:07,189 [INFO] client4 starting with weights: FL_YOLO26n_Project_Outputs_noniid_clean/global_model_checkpoints/global_model_r0.pt
2026-08-03 09:19:12,237 [ERROR] Training failed for client client4: Command '['python', '/media/data3/home/truongduy/FL-YOLOv8-Object-Detection/FL_WithSequentialTraining/train_client.py', '--data', '/media/data3/home/truongduy/FL-YOLOv8-Object-Detection/Data/Dataset/KITTI_10clients_noniid/client4/data.yaml', '--save', 'client4_round1', '--epochs', '5', '--weights', 'FL_YOLO26n_Project_Outputs_noniid_clean/global_model_checkpoints/global_model_r0.pt', '--device', 'cuda', '--workers', '6', '--output_dir', 'FL_YOLO26n_Project_Outputs_noniid_clean/client_models']' died with <Signals.SIGILL: 4>.
2026-08-03 09:19:12,237 [INFO] client5 starting with weights: FL_YOLO26n_Project_Outputs_noniid_clean/global_model_checkpoints/global_model_r0.pt
